Contest_ID,QB,RB,WR,WR/TE,FLEX,,Sport: Football
,,,,,,,Contest Type: Classic
,,,,,,,Game Slate: Sun 11/12 1:00 PM ET (10 Events)

,,,,,,,Instructions:
,,,,,,,SCROLL RIGHT FOR YOUR CONTEST ID LIST
,,,,,,,1. Create lineups by filling out the Contest_ID and position columns to the left.
,,,,,,,2. Each row represents a single entry.
,,,,,,,"3. To build an entry, select the Contest ID for the contest you would like to enter (provided to the right) and place it in the Contest_ID column."
,,,,,,,4. Complete the entry by placing the unique ID for each card (provided below) into a corresponding position column.
,,,,,,,5. Export this file as a CSV and re-upload it into Reignmakers at: https://www.draftkings.com/nftgames/bulkentry/upload
,,,,,,,
,,,,,,,Reminders:
,,,,,,,1. Cards must remain in your RM collection to be accepted.
,,,,,,,2. Cards must not be in another active Reignmakers entry to be accepted.
,,,,,,,3. Cards must map to an eligible position to be accepted.
,,,,,,,4. All columns in each row must be filled out for the lineup to be accepted.
,,,,,,,"5. Lineups must meet any contest rarity or other gating requirements (superstar, or series etc)."
,,,,,,,"6. Only contest IDs listed to the right will be accepted."
,,,,,,,"7. The csv will be evaluated from top to bottom, so if a later entry conflicts with an earlier entry, the earlier entry will be entered and the later entry will be rejected."
,,,,,,,8. Cards included in templates are not filtered based on set or other contest attribute requirements.
,,,,,,,"9. For set-restricted contests, double-check that your entries contain only cards from eligible sets."

,,,,,,,All Owned Cards Eligible for a Contest of this Slate,,,,,,,,,,,,,,,,,All Contests of Selected Slate
,,,,,,,Position,Name,Status,Card Year,Event Date,Card Rarity,Card Set,Card Edition,Card Key,Unique ID,Roster Pos,Superstar,Game Info,TeamAbbrev,AvgPointsPerGame,InExistingEntry,,Contest ID,Entry Fee,Contest Name,Game Slate,Rarity Tier,Entries Per User,Prizes,Contest Type,Portfolio Gating Rules,Lineup Gating Rules
,,,,,,,WR,Jordan Addison, ,2023, ,Elite,Rookie Debut,22,a98669ab-edd5-4dfd-a1f5-fa8c3743177a,a98669ab-edd5-4dfd-a1f5-fa8c3743177a+22,WR|WR/TE|FLEX,No,NO @ MIN 11/12 1:00 PM ET,MIN,15.51,No,,153818368,Free,"Classic - CORE $20K GTD Cash [$1K to 1st]",Sun 11/12 1:00 PM ET,Core,150,"$20,000.00",Classic,"","",
,,,,,,,QB,C.J. Stroud, ,2023, ,Core,Rookie Debut,2280,80f03f63-98ad-4968-93c6-18d9887f3bb4,80f03f63-98ad-4968-93c6-18d9887f3bb4+2280,QB,No,HOU @ CIN 11/12 1:00 PM ET,HOU,21.20,No,,153818369,Free,"Classic - CORE $5K Bankroll Booster [Top 1000 win $5]",Sun 11/12 1:00 PM ET,Core,20,"$5,000.00",Classic,"","",
,,,,,,,QB,Will Levis, ,2023, ,Core,Rookie Debut,1281,0ec645d4-2466-477d-b73e-cfaf8ca75a66,0ec645d4-2466-477d-b73e-cfaf8ca75a66+1281,QB,No,TEN @ TB 11/12 1:00 PM ET,TEN,18.15,No,,153818370,Free,"Classic - CORE $5K Single Entry [$500 to 1st]",Sun 11/12 1:00 PM ET,Core,1,"$5,000.00",Classic,"","",
,,,,,,,QB,Will Levis, ,2023, ,Core,Rookie Debut,2055,0ec645d4-2466-477d-b73e-cfaf8ca75a66,0ec645d4-2466-477d-b73e-cfaf8ca75a66+2055,QB,No,TEN @ TB 11/12 1:00 PM ET,TEN,18.15,No,,153818371,Free,"Classic - CORE Prize Pack Party [Top 1000 RARE Packs, Top 8000 Win]",Sun 11/12 1:00 PM ET,Core,100,"7000 Packs",Classic,"","",
,,,,,,,RB,Bijan Robinson, ,2023, ,Core,Rookie Debut,2469,a8ff41dc-1540-4f34-8578-42937aec0b02,a8ff41dc-1540-4f34-8578-42937aec0b02+2469,RB|FLEX,No,ATL @ ARI 11/12 4:05 PM ET,ATL,13.49,No,,153869508,Free,"Classic - CORE Featured Player [Keenan Allen RARE to Top 5]",Sun 11/12 1:00 PM ET,Core,20,"250 Packs",Classic,"","",
,,,,,,,RB,Jahmyr Gibbs, ,2023, ,Core,Rookie Debut,281,826c9069-955e-420f-8f82-39be60daef69,826c9069-955e-420f-8f82-39be60daef69+281,RB|FLEX,No,DET @ LAC 11/12 4:05 PM ET,DET,16.57,No,,153818372,Free,"Classic - RARE $75K GTD Cash [$10K to 1st]",Sun 11/12 1:00 PM ET,Rare,150,"$75,000.00",Classic,"","",
,,,,,,,QB,Jake Haener, ,2023, ,Core,Rookie Debut,1926,501b9564-34e3-4365-9c25-f100cd5654fe,501b9564-34e3-4365-9c25-f100cd5654fe+1926,QB,No,NO @ MIN 11/12 1:00 PM ET,NO,0.00,No,,153818373,Free,"Classic - RARE $10K Bankroll Booster [Top 500 win $20]",Sun 11/12 1:00 PM ET,Rare,20,"$10,000.00",Classic,"","",
,,,,,,,RB,Zach Charbonnet, ,2023, ,Core,Rookie Debut,1310,4a412178-6b6e-4669-a921-7e2ccdaeef70,4a412178-6b6e-4669-a921-7e2ccdaeef70+1310,RB|FLEX,No,WAS @ SEA 11/12 4:25 PM ET,SEA,4.46,No,,153818374,Free,"Classic - RARE $5K Single Entry [$500 to 1st]",Sun 11/12 1:00 PM ET,Rare,1,"$5,000.00",Classic,"","",
,,,,,,,RB,Zach Charbonnet, ,2023, ,Core,Rookie Debut,2251,4a412178-6b6e-4669-a921-7e2ccdaeef70,4a412178-6b6e-4669-a921-7e2ccdaeef70+2251,RB|FLEX,No,WAS @ SEA 11/12 4:25 PM ET,SEA,4.46,No,,153818375,Free,"Classic - RARE Prize Pack Party [Top 55 ELITE Packs, Top 2055 Win]",Sun 11/12 1:00 PM ET,Rare,100,"1000 Packs",Classic,"","",
,,,,,,,RB,Tyjae Spears, ,2023, ,Core,Rookie Debut,561,6442fd50-2097-4d3b-ad81-bc373f367f3e,6442fd50-2097-4d3b-ad81-bc373f367f3e+561,RB|FLEX,No,TEN @ TB 11/12 1:00 PM ET,TEN,7.75,No,,153818376,Free,"Classic - RARE $20 DFS FF Millionaire Satellite [Top 600 Win Ticket!]",Sun 11/12 1:00 PM ET,Rare,100,"600 Tickets",Classic,"","",
,,,,,,,RB,Tyjae Spears, ,2023, ,Core,Rookie Debut,1619,6442fd50-2097-4d3b-ad81-bc373f367f3e,6442fd50-2097-4d3b-ad81-bc373f367f3e+1619,RB|FLEX,No,TEN @ TB 11/12 1:00 PM ET,TEN,7.75,No,,153869509,Free,"Classic - RARE Featured Player [Austin Ekeler  ELITE to Top 3]",Sun 11/12 1:00 PM ET,Rare,20,"50 Packs",Classic,"","",
,,,,,,,WR,Jaxon Smith-Njigba, ,2023, ,Core,Rookie Debut,1118,c7bdfdef-2bd3-4450-829e-d3c8bbb186c7,c7bdfdef-2bd3-4450-829e-d3c8bbb186c7+1118,WR|WR/TE|FLEX,No,WAS @ SEA 11/12 4:25 PM ET,SEA,8.53,No,,153818377,Free,"Classic - ELITE $100K GTD Cash [$20K to 1st]",Sun 11/12 1:00 PM ET,Elite,150,"$100,000.00",Classic,"","",
,,,,,,,WR,Jaxon Smith-Njigba, ,2023, ,Core,Rookie Debut,2497,c7bdfdef-2bd3-4450-829e-d3c8bbb186c7,c7bdfdef-2bd3-4450-829e-d3c8bbb186c7+2497,WR|WR/TE|FLEX,No,WAS @ SEA 11/12 4:25 PM ET,SEA,8.53,No,,153818378,Free,"Classic - ELITE $15K Bankroll Booster [Top 150 win $100]",Sun 11/12 1:00 PM ET,Elite,20,"$15,000.00",Classic,"","",
,,,,,,,WR,Jordan Addison, ,2023, ,Core,Rookie Debut,27,a14758ea-bb9c-46ea-84c4-66667784e51e,a14758ea-bb9c-46ea-84c4-66667784e51e+27,WR|WR/TE|FLEX,No,NO @ MIN 11/12 1:00 PM ET,MIN,15.51,No,,153818379,Free,"Classic - ELITE $20K Single Entry [$2K to 1st]",Sun 11/12 1:00 PM ET,Elite,1,"$20,000.00",Classic,"","",
,,,,,,,WR,Jayden Reed, ,2023, ,Core,Rookie Debut,2335,381094ea-4382-4e68-ab87-05e8a346f848,381094ea-4382-4e68-ab87-05e8a346f848+2335,WR|WR/TE|FLEX,No,GB @ PIT 11/12 1:00 PM ET,GB,9.78,No,,153818380,Free,"Classic - ELITE Prize Pack Party [Top 20 LEGENDARY Packs, Top 322 Win]",Sun 11/12 1:00 PM ET,Elite,100,"302 Packs",Classic,"","",
,,,,,,,QB,Will Levis, ,2023, ,Rare,Rookie Debut,474,00080d5e-2b6b-4c7f-bf3d-0ef608a8a999,00080d5e-2b6b-4c7f-bf3d-0ef608a8a999+474,QB,No,TEN @ TB 11/12 1:00 PM ET,TEN,18.15,No,,153818381,Free,"Classic - ELITE RMFWC Qualifier #31 [1st Qualifies for $1M World Championship!]",Sun 11/12 1:00 PM ET,Elite,20,"1 Ticket",Classic,"","",
,,,,,,,RB,Bijan Robinson, ,2023, ,Rare,Rookie Debut,345,c544f797-9093-4e87-9af9-774daa05bcbc,c544f797-9093-4e87-9af9-774daa05bcbc+345,RB|FLEX,No,ATL @ ARI 11/12 4:05 PM ET,ATL,13.49,No,,153818382,Free,"Classic - ELITE RMFWC Qualifier #32 Play-Action Set Gated [1st Qualifies for $1M World Championship!",Sun 11/12 1:00 PM ET,Elite,20,"1 Ticket",Classic,"","[NFL 2023] Must have 5 cards from Play-Action set",
,,,,,,,RB,Jahmyr Gibbs, ,2023, ,Rare,Rookie Debut,469,1ec939da-74c1-49b1-8d8c-0cded9b05f14,1ec939da-74c1-49b1-8d8c-0cded9b05f14+469,RB|FLEX,No,DET @ LAC 11/12 4:05 PM ET,DET,16.57,No,,153869510,Free,"Classic - ELITE Featured Player [Josh Allen LEGENDARY to 1st]",Sun 11/12 1:00 PM ET,Elite,20,"10 Packs",Classic,"","",
,,,,,,,WR,Jaxon Smith-Njigba, ,2023, ,Rare,Rookie Debut,288,6268ad36-22f9-492f-8298-ade6e6497088,6268ad36-22f9-492f-8298-ade6e6497088+288,WR|WR/TE|FLEX,No,WAS @ SEA 11/12 4:25 PM ET,SEA,8.53,No,,153818383,Free,"Classic - LEGENDARY $130K GTD Cash [$50K to 1st]",Sun 11/12 1:00 PM ET,Legendary,150,"$130,000.00",Classic,"","",
,,,,,,,WR,Zay Flowers, ,2023, ,Core,Rookie Debut,751,cafde9e2-5a5e-4c6f-8598-a5538a8ce219,cafde9e2-5a5e-4c6f-8598-a5538a8ce219+751,WR|WR/TE|FLEX,No,CLE @ BAL 11/12 1:00 PM ET,BAL,11.04,No,,153818384,Free,"Classic - LEGENDARY $10K Bankroll Booster [Top 20 win $500]",Sun 11/12 1:00 PM ET,Legendary,20,"$10,000.00",Classic,"","",
,,,,,,,WR,Zay Flowers, ,2023, ,Core,Rookie Debut,1368,cafde9e2-5a5e-4c6f-8598-a5538a8ce219,cafde9e2-5a5e-4c6f-8598-a5538a8ce219+1368,WR|WR/TE|FLEX,No,CLE @ BAL 11/12 1:00 PM ET,BAL,11.04,No,,153818385,Free,"Classic - LEGENDARY $20K Single Entry [$2K to 1st]",Sun 11/12 1:00 PM ET,Legendary,1,"$20,000.00",Classic,"","",
,,,,,,,WR,Jordan Addison, ,2023, ,Rare,Rookie Debut,245,3b18c5ae-ad63-45cd-b318-94bb2709d162,3b18c5ae-ad63-45cd-b318-94bb2709d162+245,WR|WR/TE|FLEX,No,NO @ MIN 11/12 1:00 PM ET,MIN,15.51,No,,153818386,Free,"Classic - LEGENDARY RMFWC Qualifier #33 [1st Qualifies for $1M World Championship!]",Sun 11/12 1:00 PM ET,Legendary,20,"1 Ticket",Classic,"","",
,,,,,,,RB,Bijan Robinson, ,2023, ,Elite,Rookie Debut,47,7aad07f6-e19c-4e4c-be6f-dc5d51d7edfe,7aad07f6-e19c-4e4c-be6f-dc5d51d7edfe+47,RB|FLEX,No,ATL @ ARI 11/12 4:05 PM ET,ATL,13.49,No,,153818387,Free,"Classic - LEGENDARY Prize Pack Party [Top 2 REIGNMAKER Packs, Top 117 Win]",Sun 11/12 1:00 PM ET,Legendary,100,"95 Packs",Classic,"","",
,,,,,,,RB,Saquon Barkley, ,2023, ,Elite,Play-Action,45,1a4b15dc-c635-406a-8664-0581ff32343d,1a4b15dc-c635-406a-8664-0581ff32343d+45,RB|FLEX,Yes,NYG @ DAL 11/12 4:25 PM ET,NYG,17.20,No,,153869511,Free,"Classic - LEGENDARY Featured Player [Sam LaPorta REIGNMAKER to 1st]",Sun 11/12 1:00 PM ET,Legendary,20,"10 Packs",Classic,"","",
,,,,,,,WR,Isaiah Hodgins, ,2023, ,Elite,Play-Action,14,d5467599-f1fe-4a43-92bb-248174dcfd28,d5467599-f1fe-4a43-92bb-248174dcfd28+14,WR|WR/TE|FLEX,No,NYG @ DAL 11/12 4:25 PM ET,NYG,3.22,No,,153818388,Free,"Classic - REIGNMAKER $100K GTD Cash [$20K to 1st]",Sun 11/12 1:00 PM ET,Reignmaker,150,"$100,000.00",Classic,"","",
,,,,,,,QB,Ryan Tannehill,Q,2023, ,Elite,Play-Action,71,3c0fd5f7-e6ea-469b-a3d0-193d4325e78e,3c0fd5f7-e6ea-469b-a3d0-193d4325e78e+71,QB,No,TEN @ TB 11/12 1:00 PM ET,TEN,9.52,No,,153818389,Free,"Classic - REIGNMAKER $30K Single Entry [$5K to 1st]",Sun 11/12 1:00 PM ET,Reignmaker,1,"$30,000.00",Classic,"","",
,,,,,,,WR,Nick Westbrook-Ikhine, ,2023, ,Elite,Play-Action,31,c48f2ca2-c972-4298-84f4-4b1312fd8445,c48f2ca2-c972-4298-84f4-4b1312fd8445+31,WR|WR/TE|FLEX,No,TEN @ TB 11/12 1:00 PM ET,TEN,7.30,No,,153818390,Free,"Classic - REIGNMAKER $4444 DFS FF Millionaire Satellite [Top 2 Win]",Sun 11/12 1:00 PM ET,Reignmaker,100,"2 Tickets",Classic,"","",
,,,,,,,CB,Adoree' Jackson,OUT,2023, ,Elite,Play-Action,18,e3ddb2ff-535f-4ec5-8a03-b34b357ead5b,e3ddb2ff-535f-4ec5-8a03-b34b357ead5b+18,FLEX,No,NYG @ DAL 11/12 4:25 PM ET,NYG,4.89,No,,153869512,Free,"Classic - REIGNMAKER Featured Player [Michael Thomas REIGNMAKER to 1st]",Sun 11/12 1:00 PM ET,Reignmaker,20,"5 Packs",Classic,"","",
,,,,,,,RB,Antonio Gibson, ,2023, ,Elite,Play-Action,76,505cbc9a-0f4b-4729-815b-bec132ef2ce4,505cbc9a-0f4b-4729-815b-bec132ef2ce4+76,RB|FLEX,No,WAS @ SEA 11/12 4:25 PM ET,WAS,7.12,No,,
,,,,,,,DE,Myles Garrett, ,2023, ,Legendary,Play-Action,4,e8decd68-11e9-438b-a8aa-0007debd7058,e8decd68-11e9-438b-a8aa-0007debd7058+4,FLEX,No,CLE @ BAL 11/12 1:00 PM ET,CLE,10.25,No,,
,,,,,,,WR,Brandon Aiyuk, ,2023, ,Elite,Play-Action,85,a2fef08a-d9ab-4e47-9588-d19877a8cf26,a2fef08a-d9ab-4e47-9588-d19877a8cf26+85,WR|WR/TE|FLEX,No,SF @ JAX 11/12 1:00 PM ET,SF,16.86,No,,
,,,,,,,RB,Jamaal Williams, ,2023, ,Elite,Play-Action,85,fb6deefd-a43c-45df-bedb-5aeaf54b24a7,fb6deefd-a43c-45df-bedb-5aeaf54b24a7+85,RB|FLEX,No,NO @ MIN 11/12 1:00 PM ET,NO,3.90,No,,
,,,,,,,RB,AJ Dillon, ,2023, ,Elite,Play-Action,74,2d40fd0e-8622-4af5-a742-6381edcdb355,2d40fd0e-8622-4af5-a742-6381edcdb355+74,RB|FLEX,No,GB @ PIT 11/12 1:00 PM ET,GB,7.24,No,,
,,,,,,,TE,Luke Musgrave, ,2023, ,Elite,Play-Action,55,4b5ead16-aa34-4cf5-ac31-1484379f9538,4b5ead16-aa34-4cf5-ac31-1484379f9538+55,WR/TE|FLEX,No,GB @ PIT 11/12 1:00 PM ET,GB,7.24,No,,
,,,,,,,WR,Isaiah Hodgins, ,2023, ,Rare,Play-Action,471,58c56b76-2c0c-4ddf-9b22-9607bee0f884,58c56b76-2c0c-4ddf-9b22-9607bee0f884+471,WR|WR/TE|FLEX,No,NYG @ DAL 11/12 4:25 PM ET,NYG,3.22,No,,
,,,,,,,RB,Matt Breida, ,2023, ,Rare,Play-Action,29,d3095011-47ec-4b19-bad8-4e834150f74c,d3095011-47ec-4b19-bad8-4e834150f74c+29,RB|FLEX,No,NYG @ DAL 11/12 4:25 PM ET,NYG,4.12,No,,
,,,,,,,TE,Gerald Everett, ,2023, ,Rare,Play-Action,472,76692a19-300a-4831-b325-2166a2ef17ff,76692a19-300a-4831-b325-2166a2ef17ff+472,WR/TE|FLEX,No,DET @ LAC 11/12 4:05 PM ET,LAC,7.16,No,,
,,,,,,,WR,Parris Campbell,Q,2023, ,Rare,Play-Action,151,107d37e0-04a9-429c-8067-d50b6d44ac0c,107d37e0-04a9-429c-8067-d50b6d44ac0c+151,WR|WR/TE|FLEX,No,NYG @ DAL 11/12 4:25 PM ET,NYG,3.11,No,,
,,,,,,,WR,Darius Slayton, ,2023, ,Rare,Play-Action,129,0445e27a-60ad-4b30-b4b7-258075558ceb,0445e27a-60ad-4b30-b4b7-258075558ceb+129,WR|WR/TE|FLEX,No,NYG @ DAL 11/12 4:25 PM ET,NYG,6.07,No,,
,,,,,,,LB,Tuli Tuipulotu, ,2023, ,Rare,Play-Action,13,226aebff-5c2d-404d-8caa-bc3a7ed20677,226aebff-5c2d-404d-8caa-bc3a7ed20677+13,FLEX,No,DET @ LAC 11/12 4:05 PM ET,LAC,9.38,No,,
,,,,,,,WR,Amon-Ra St. Brown, ,2023, ,Rare,Play-Action,297,7de75432-6bcc-46cc-b97d-47a6ca0d0b44,7de75432-6bcc-46cc-b97d-47a6ca0d0b44+297,WR|WR/TE|FLEX,Yes,DET @ LAC 11/12 4:05 PM ET,DET,22.27,No,,
,,,,,,,S,C.J. Gardner-Johnson,IR,2023, ,Rare,Play-Action,4,2a7ef435-9f2d-49c5-a4cd-2017ca871598,2a7ef435-9f2d-49c5-a4cd-2017ca871598+4,FLEX,No,DET @ LAC 11/12 4:05 PM ET,DET,7.75,No,,
,,,,,,,QB,Sam Howell, ,2023, ,Rare,Play-Action,273,4e5edabb-89f3-4262-9563-4b77fd9bc62f,4e5edabb-89f3-4262-9563-4b77fd9bc62f+273,QB,No,WAS @ SEA 11/12 4:25 PM ET,WAS,19.73,No,,
,,,,,,,RB,Antonio Gibson, ,2023, ,Rare,Play-Action,236,ee407e90-058d-4a04-afde-3d60074714e1,ee407e90-058d-4a04-afde-3d60074714e1+236,RB|FLEX,No,WAS @ SEA 11/12 4:25 PM ET,WAS,7.12,No,,
,,,,,,,DE,Chase Young, ,2023, ,Rare,Play-Action,92,92e767cc-54ae-462b-ac56-1fd9121d7676,92e767cc-54ae-462b-ac56-1fd9121d7676+92,FLEX,No,SF @ JAX 11/12 1:00 PM ET,SF,7.13,No,,
,,,,,,,RB,Demetric Felton, ,2023, ,Elite,Play-Action,14,76a2b903-e798-467f-b959-6911b33dde27,76a2b903-e798-467f-b959-6911b33dde27+14,RB|FLEX,No,HOU @ CIN 11/12 1:00 PM ET,CIN,0.00,No,,
,,,,,,,TE,Kyle Pitts, ,2023, ,Elite,Play-Action,31,db7d58c6-d8bd-4086-8a9c-cd64bc1312fa,db7d58c6-d8bd-4086-8a9c-cd64bc1312fa+31,WR/TE|FLEX,No,ATL @ ARI 11/12 4:05 PM ET,ATL,8.50,No,,
,,,,,,,WR,Marquise Goodwin,OUT,2023, ,Elite,Play-Action,24,aa9c8a0c-0cf8-4034-b4f4-ea3ffd051891,aa9c8a0c-0cf8-4034-b4f4-ea3ffd051891+24,WR|WR/TE|FLEX,No,CLE @ BAL 11/12 1:00 PM ET,CLE,0.91,No,,
,,,,,,,WR,Brandin Cooks, ,2023, ,Elite,Play-Action,87,4aafc6e4-e794-465d-b348-3e78810a0b64,4aafc6e4-e794-465d-b348-3e78810a0b64+87,WR|WR/TE|FLEX,No,NYG @ DAL 11/12 4:25 PM ET,DAL,6.83,No,,
,,,,,,,RB,Ty Chandler, ,2023, ,Rare,Play-Action,14,b04d3e19-1042-463e-a373-3c83d512fab0,b04d3e19-1042-463e-a373-3c83d512fab0+14,RB|FLEX,No,NO @ MIN 11/12 1:00 PM ET,MIN,1.50,No,,
,,,,,,,QB,Justin Herbert, ,2023, ,Elite,Play-Action,73,49139a5a-3db8-41b5-8b3c-00d1768f554c,49139a5a-3db8-41b5-8b3c-00d1768f554c+73,QB,Yes,DET @ LAC 11/12 4:05 PM ET,LAC,20.86,No,,
,,,,,,,QB,Trevor Lawrence, ,2023, ,Rare,Play-Action,286,49da37fc-b25b-4329-819d-1a44168aa762,49da37fc-b25b-4329-819d-1a44168aa762+286,QB,No,SF @ JAX 11/12 1:00 PM ET,JAX,16.38,No,,
,,,,,,,WR,Keenan Allen, ,2023, ,Elite,Play-Action,53,34196c29-f999-450d-82bd-7ced6743b06f,34196c29-f999-450d-82bd-7ced6743b06f+53,WR|WR/TE|FLEX,No,DET @ LAC 11/12 4:05 PM ET,LAC,21.32,No,,
,,,,,,,TE,Evan Engram, ,2023, ,Rare,Play-Action,438,f5c33a81-140a-4ece-aa22-4abaa4a9e1b7,f5c33a81-140a-4ece-aa22-4abaa4a9e1b7+438,WR/TE|FLEX,No,SF @ JAX 11/12 1:00 PM ET,JAX,11.68,No,,
,,,,,,,WR,Zay Jones,OUT,2023, ,Rare,Play-Action,301,839a1b2d-fa34-4f1b-8c57-0d42a830cb29,839a1b2d-fa34-4f1b-8c57-0d42a830cb29+301,WR|WR/TE|FLEX,No,SF @ JAX 11/12 1:00 PM ET,JAX,9.27,No,,
,,,,,,,RB,Austin Ekeler, ,2023, ,Rare,Play-Action,199,9b8ff768-1caf-4f22-bb39-9d2539474482,9b8ff768-1caf-4f22-bb39-9d2539474482+199,RB|FLEX,No,DET @ LAC 11/12 4:05 PM ET,LAC,18.10,No,,
,,,,,,,LB,Fred Warner, ,2023, ,Core,Play-Action,620,112f4b39-362e-4661-b182-3060b648f1a2,112f4b39-362e-4661-b182-3060b648f1a2+620,FLEX,No,SF @ JAX 11/12 1:00 PM ET,SF,7.13,No,,
,,,,,,,QB,Kyle Trask, ,2023, ,Core,Play-Action,257,0fbf0184-4b04-49fa-b2e2-9ddd01ff0c4e,0fbf0184-4b04-49fa-b2e2-9ddd01ff0c4e+257,QB,No,TEN @ TB 11/12 1:00 PM ET,TB,0.00,No,,
,,,,,,,K,Jake Moody, ,2023, ,Core,Play-Action,107,a4785165-1e57-4521-aa79-e8ab0de504a0,a4785165-1e57-4521-aa79-e8ab0de504a0+107,FLEX,No,SF @ JAX 11/12 1:00 PM ET,SF,8.50,No,,
,,,,,,,TE,Cameron Latu,IR,2023, ,Core,Play-Action,235,d5f2287f-915e-41fb-b737-1c12eacca7a9,d5f2287f-915e-41fb-b737-1c12eacca7a9+235,WR/TE|FLEX,No,SF @ JAX 11/12 1:00 PM ET,SF,0.00,No,,
,,,,,,,WR,Rashid Shaheed, ,2023, ,Core,Play-Action,1675,b9dbb7aa-ae2c-4944-a5fd-5a7f055fbc7d,b9dbb7aa-ae2c-4944-a5fd-5a7f055fbc7d+1675,WR|WR/TE|FLEX,No,NO @ MIN 11/12 1:00 PM ET,NO,11.71,No,,
,,,,,,,RB,Chase Edmonds, ,2023, ,Core,Play-Action,1922,e5f23014-0fdc-4abe-a50c-3e1780a316a7,e5f23014-0fdc-4abe-a50c-3e1780a316a7+1922,RB|FLEX,No,TEN @ TB 11/12 1:00 PM ET,TB,1.63,No,,
,,,,,,,TE,Taysom Hill, ,2023, ,Core,Play-Action,1446,b7bea99b-0e98-4f5e-9122-53fea7630140,b7bea99b-0e98-4f5e-9122-53fea7630140+1446,WR/TE|FLEX,No,NO @ MIN 11/12 1:00 PM ET,NO,10.06,No,,
,,,,,,,QB,Easton Stick, ,2023, ,Core,Play-Action,222,af8af224-4c45-4721-ac56-dfba02ad42c4,af8af224-4c45-4721-ac56-dfba02ad42c4+222,QB,No,DET @ LAC 11/12 4:05 PM ET,LAC,0.00,No,,
,,,,,,,WR,Russell Gage,IR,2023, ,Core,Play-Action,487,c0d5d121-b371-46ec-8c78-95adc3031c9a,c0d5d121-b371-46ec-8c78-95adc3031c9a+487,WR|WR/TE|FLEX,No,TEN @ TB 11/12 1:00 PM ET,TB,0.00,No,,
,,,,,,,WR,Russell Gage,IR,2023, ,Core,Play-Action,1491,c0d5d121-b371-46ec-8c78-95adc3031c9a,c0d5d121-b371-46ec-8c78-95adc3031c9a+1491,WR|WR/TE|FLEX,No,TEN @ TB 11/12 1:00 PM ET,TB,0.00,No,,
,,,,,,,RB,Tony Jones Jr., ,2023, ,Core,Play-Action,392,17ecbd93-de17-4d74-b02f-45fbcfa7f472,17ecbd93-de17-4d74-b02f-45fbcfa7f472+392,RB|FLEX,No,ATL @ ARI 11/12 4:05 PM ET,ARI,5.56,No,,
,,,,,,,RB,Isaiah Spiller, ,2023, ,Core,Play-Action,310,ae917428-4c0b-48e3-ac51-355964dd4491,ae917428-4c0b-48e3-ac51-355964dd4491+310,RB|FLEX,No,DET @ LAC 11/12 4:05 PM ET,LAC,1.54,No,,
,,,,,,,QB,Daniel Jones,IR,2023, ,Core,Play-Action,486,c3a8c7a4-95bb-4b72-a488-2067e044e05b,c3a8c7a4-95bb-4b72-a488-2067e044e05b+486,QB,No,NYG @ DAL 11/12 4:25 PM ET,NYG,11.16,No,,
,,,,,,,TE,Cade Otton, ,2023, ,Core,Play-Action,1248,d790dd60-bfee-4602-ad01-91ab40bdc1c8,d790dd60-bfee-4602-ad01-91ab40bdc1c8+1248,WR/TE|FLEX,No,TEN @ TB 11/12 1:00 PM ET,TB,8.93,No,,
,,,,,,,TE,Payne Durham, ,2023, ,Core,Play-Action,466,196863e7-27a3-4fed-8ff4-ed3f2380020d,196863e7-27a3-4fed-8ff4-ed3f2380020d+466,WR/TE|FLEX,No,TEN @ TB 11/12 1:00 PM ET,TB,0.45,No,,
,,,,,,,TE,Payne Durham, ,2023, ,Core,Play-Action,926,196863e7-27a3-4fed-8ff4-ed3f2380020d,196863e7-27a3-4fed-8ff4-ed3f2380020d+926,WR/TE|FLEX,No,TEN @ TB 11/12 1:00 PM ET,TB,0.45,No,,
,,,,,,,K,Chase McLaughlin, ,2023, ,Core,Play-Action,1205,1ce2f50c-5941-4591-ac89-2847bee06a11,1ce2f50c-5941-4591-ac89-2847bee06a11+1205,FLEX,No,TEN @ TB 11/12 1:00 PM ET,TB,8.38,No,,
,,,,,,,WR,Mike Williams,IR,2023, ,Core,Play-Action,1152,5c515eb2-a3fc-4ae1-9dcd-ebcc2ae9c94d,5c515eb2-a3fc-4ae1-9dcd-ebcc2ae9c94d+1152,WR|WR/TE|FLEX,No,DET @ LAC 11/12 4:05 PM ET,LAC,17.73,No,,
,,,,,,,RB,Matt Breida, ,2023, ,Core,Play-Action,436,fc79d27c-24e3-4760-8b28-0c5a59d1419b,fc79d27c-24e3-4760-8b28-0c5a59d1419b+436,RB|FLEX,No,NYG @ DAL 11/12 4:25 PM ET,NYG,4.12,No,,
,,,,,,,TE,Gerald Everett, ,2023, ,Core,Play-Action,699,e90c34a8-3003-4e2f-b58e-2d6c36ed56e2,e90c34a8-3003-4e2f-b58e-2d6c36ed56e2+699,WR/TE|FLEX,No,DET @ LAC 11/12 4:05 PM ET,LAC,7.16,No,,
,,,,,,,TE,Gerald Everett, ,2023, ,Core,Play-Action,1546,e90c34a8-3003-4e2f-b58e-2d6c36ed56e2,e90c34a8-3003-4e2f-b58e-2d6c36ed56e2+1546,WR/TE|FLEX,No,DET @ LAC 11/12 4:05 PM ET,LAC,7.16,No,,
,,,,,,,TE,Donald Parham Jr., ,2023, ,Core,Play-Action,463,440b33cb-2005-42cc-8861-d0a6904ca6ac,440b33cb-2005-42cc-8861-d0a6904ca6ac+463,WR/TE|FLEX,No,DET @ LAC 11/12 4:05 PM ET,LAC,5.91,No,,
,,,,,,,WR,Darius Slayton, ,2023, ,Core,Play-Action,59,adbef382-b52d-4c0e-a4a9-a31baebd0236,adbef382-b52d-4c0e-a4a9-a31baebd0236+59,WR|WR/TE|FLEX,No,NYG @ DAL 11/12 4:25 PM ET,NYG,6.07,No,,
,,,,,,,S,Antoine Winfield Jr., ,2023, ,Core,Play-Action,14,9c0e8731-581d-4421-a424-282799369422,9c0e8731-581d-4421-a424-282799369422+14,FLEX,No,TEN @ TB 11/12 1:00 PM ET,TB,7.63,No,,
,,,,,,,LB,Randy Gregory, ,2023, ,Core,Play-Action,751,38e0aa16-c9b6-4677-8d76-c1d50092e469,38e0aa16-c9b6-4677-8d76-c1d50092e469+751,FLEX,No,SF @ JAX 11/12 1:00 PM ET,SF,7.13,No,,
,,,,,,,WR,Wan'Dale Robinson, ,2023, ,Core,Play-Action,126,ecdde895-34c1-4e2b-83ca-8763b33406f1,ecdde895-34c1-4e2b-83ca-8763b33406f1+126,WR|WR/TE|FLEX,No,NYG @ DAL 11/12 4:25 PM ET,NYG,7.90,No,,
,,,,,,,WR,Treylon Burks,OUT,2023, ,Core,Play-Action,2197,96cecbb5-87e5-40cb-be21-ba84bfebf012,96cecbb5-87e5-40cb-be21-ba84bfebf012+2197,WR|WR/TE|FLEX,No,TEN @ TB 11/12 1:00 PM ET,TEN,4.32,No,,
,,,,,,,WR,Nick Westbrook-Ikhine, ,2023, ,Core,Play-Action,438,4ec51493-77b3-413d-8f4f-446a8ff888da,4ec51493-77b3-413d-8f4f-446a8ff888da+438,WR|WR/TE|FLEX,No,TEN @ TB 11/12 1:00 PM ET,TEN,7.30,No,,
,,,,,,,WR,Nick Westbrook-Ikhine, ,2023, ,Core,Play-Action,1130,4ec51493-77b3-413d-8f4f-446a8ff888da,4ec51493-77b3-413d-8f4f-446a8ff888da+1130,WR|WR/TE|FLEX,No,TEN @ TB 11/12 1:00 PM ET,TEN,7.30,No,,
,,,,,,,QB,Joe Burrow, ,2023, ,Rare,Play-Action,128,a5132fb0-3f93-4572-b1e2-a89a99328715,a5132fb0-3f93-4572-b1e2-a89a99328715+128,QB,No,HOU @ CIN 11/12 1:00 PM ET,CIN,16.19,No,,
,,,,,,,K,Graham Gano,IR,2023, ,Core,Play-Action,821,b81abef3-5489-4c71-b56e-6e86be7c1ddf,b81abef3-5489-4c71-b56e-6e86be7c1ddf+821,FLEX,No,NYG @ DAL 11/12 4:25 PM ET,NYG,6.25,No,,
,,,,,,,S,Xavier McKinney, ,2023, ,Core,Play-Action,501,97aa924b-36fb-4e0e-a06e-b8bdf3f3087a,97aa924b-36fb-4e0e-a06e-b8bdf3f3087a+501,FLEX,No,NYG @ DAL 11/12 4:25 PM ET,NYG,4.89,No,,
,,,,,,,TE,Brock Wright, ,2023, ,Core,Play-Action,678,02edd2fb-77f6-455c-83b7-2015aca59d31,02edd2fb-77f6-455c-83b7-2015aca59d31+678,WR/TE|FLEX,No,DET @ LAC 11/12 4:05 PM ET,DET,1.44,No,,
,,,,,,,QB,Jacoby Brissett, ,2023, ,Core,Play-Action,119,1328db4f-1023-4d43-a03f-a6060c6a437d,1328db4f-1023-4d43-a03f-a6060c6a437d+119,QB,No,WAS @ SEA 11/12 4:25 PM ET,WAS,0.00,No,,
,,,,,,,S,C.J. Gardner-Johnson,IR,2023, ,Core,Play-Action,289,e846762f-5ae4-4edd-a07f-0a01cb47106a,e846762f-5ae4-4edd-a07f-0a01cb47106a+289,FLEX,No,DET @ LAC 11/12 4:05 PM ET,DET,7.75,No,,
,,,,,,,S,Tracy Walker, ,2023, ,Core,Play-Action,676,bb68c78e-3a63-4520-b48f-550f0e722d04,bb68c78e-3a63-4520-b48f-550f0e722d04+676,FLEX,No,DET @ LAC 11/12 4:05 PM ET,DET,7.75,No,,
,,,,,,,WR,Dyami Brown, ,2023, ,Core,Play-Action,347,31c83641-16b5-420d-aa31-27d886c69c6c,31c83641-16b5-420d-aa31-27d886c69c6c+347,WR|WR/TE|FLEX,No,WAS @ SEA 11/12 4:25 PM ET,WAS,2.22,No,,
,,,,,,,WR,Terry McLaurin, ,2023, ,Core,Play-Action,2162,50d7a03b-d829-4c6c-90e6-b7fe2e8dedc2,50d7a03b-d829-4c6c-90e6-b7fe2e8dedc2+2162,WR|WR/TE|FLEX,No,WAS @ SEA 11/12 4:25 PM ET,WAS,13.53,No,,
,,,,,,,QB,Sean Clifford, ,2023, ,Core,Play-Action,1925,85d55a1d-eaf8-43ed-a368-005f9365e9ed,85d55a1d-eaf8-43ed-a368-005f9365e9ed+1925,QB,No,GB @ PIT 11/12 1:00 PM ET,GB,0.00,No,,
,,,,,,,QB,Sean Clifford, ,2023, ,Core,Play-Action,2345,85d55a1d-eaf8-43ed-a368-005f9365e9ed,85d55a1d-eaf8-43ed-a368-005f9365e9ed+2345,QB,No,GB @ PIT 11/12 1:00 PM ET,GB,0.00,No,,
,,,,,,,K,Joey Slye, ,2023, ,Core,Play-Action,565,111551e6-d50b-4b49-a076-839b8d0093e7,111551e6-d50b-4b49-a076-839b8d0093e7+565,FLEX,No,WAS @ SEA 11/12 4:25 PM ET,WAS,7.00,No,,
,,,,,,,K,Joey Slye, ,2023, ,Core,Play-Action,2182,111551e6-d50b-4b49-a076-839b8d0093e7,111551e6-d50b-4b49-a076-839b8d0093e7+2182,FLEX,No,WAS @ SEA 11/12 4:25 PM ET,WAS,7.00,No,,
,,,,,,,RB,Demetric Felton, ,2023, ,Rare,Play-Action,81,27780d03-2a02-497d-ad30-b006eecbf9e4,27780d03-2a02-497d-ad30-b006eecbf9e4+81,RB|FLEX,No,HOU @ CIN 11/12 1:00 PM ET,CIN,0.00,No,,
,,,,,,,TE,Luke Musgrave, ,2023, ,Core,Play-Action,2116,b6007a9a-2de2-4fb5-a7f6-d80317ce83b3,b6007a9a-2de2-4fb5-a7f6-d80317ce83b3+2116,WR/TE|FLEX,No,GB @ PIT 11/12 1:00 PM ET,GB,7.24,No,,
,,,,,,,WR,Dontayvion Wicks, ,2023, ,Core,Play-Action,1052,9c073622-e160-4c48-8cfc-e048ec87007e,9c073622-e160-4c48-8cfc-e048ec87007e+1052,WR|WR/TE|FLEX,No,GB @ PIT 11/12 1:00 PM ET,GB,4.82,No,,
,,,,,,,WR,Dontayvion Wicks, ,2023, ,Core,Play-Action,1173,9c073622-e160-4c48-8cfc-e048ec87007e,9c073622-e160-4c48-8cfc-e048ec87007e+1173,WR|WR/TE|FLEX,No,GB @ PIT 11/12 1:00 PM ET,GB,4.82,No,,
,,,,,,,DE,Chase Young, ,2023, ,Core,Play-Action,299,6a279e9f-f3f4-4bfa-8423-cd51307b1be6,6a279e9f-f3f4-4bfa-8423-cd51307b1be6+299,FLEX,No,SF @ JAX 11/12 1:00 PM ET,SF,7.13,No,,
,,,,,,,K,Anders Carlson, ,2023, ,Core,Play-Action,2129,4a965bd9-df72-42ce-b5bc-0986b7b7ddc3,4a965bd9-df72-42ce-b5bc-0986b7b7ddc3+2129,FLEX,No,GB @ PIT 11/12 1:00 PM ET,GB,6.50,No,,
,,,,,,,LB,Quay Walker,D,2023, ,Core,Play-Action,705,614500f1-8e2d-49d3-8f8d-0925bbd7a019,614500f1-8e2d-49d3-8f8d-0925bbd7a019+705,FLEX,No,GB @ PIT 11/12 1:00 PM ET,GB,7.00,No,,
,,,,,,,RB,Keaontay Ingram, ,2023, ,Rare,Play-Action,101,04e2d046-0938-4c51-9821-c3344deb6c07,04e2d046-0938-4c51-9821-c3344deb6c07+101,RB|FLEX,No,ATL @ ARI 11/12 4:05 PM ET,ARI,1.97,No,,
,,,,,,,WR,Robert Woods,Q,2023, ,Core,Play-Action,708,261acafb-742c-4834-b3e8-93d7ebd27c79,261acafb-742c-4834-b3e8-93d7ebd27c79+708,WR|WR/TE|FLEX,No,HOU @ CIN 11/12 1:00 PM ET,HOU,8.45,No,,
,,,,,,,WR,Robert Woods,Q,2023, ,Core,Play-Action,1837,261acafb-742c-4834-b3e8-93d7ebd27c79,261acafb-742c-4834-b3e8-93d7ebd27c79+1837,WR|WR/TE|FLEX,No,HOU @ CIN 11/12 1:00 PM ET,HOU,8.45,No,,
,,,,,,,DE,Alex Wright, ,2023, ,Rare,Play-Action,32,91789051-81d3-445f-a001-2151723b65a1,91789051-81d3-445f-a001-2151723b65a1+32,FLEX,No,CLE @ BAL 11/12 1:00 PM ET,CLE,10.25,No,,
,,,,,,,QB,Dak Prescott, ,2023, ,Rare,Play-Action,60,522578ff-4019-4cea-93fd-31e14d84cd7f,522578ff-4019-4cea-93fd-31e14d84cd7f+60,QB,No,NYG @ DAL 11/12 4:25 PM ET,DAL,18.91,No,,
,,,,,,,QB,Dak Prescott, ,2023, ,Rare,Play-Action,217,522578ff-4019-4cea-93fd-31e14d84cd7f,522578ff-4019-4cea-93fd-31e14d84cd7f+217,QB,No,NYG @ DAL 11/12 4:25 PM ET,DAL,18.91,No,,
,,,,,,,LB,Zaven Collins, ,2023, ,Rare,Play-Action,153,bca47eb9-0da1-4a08-aa9f-b6889672958f,bca47eb9-0da1-4a08-aa9f-b6889672958f+153,FLEX,No,ATL @ ARI 11/12 4:05 PM ET,ARI,5.22,No,,
,,,,,,,TE,Dalton Schultz, ,2023, ,Core,Play-Action,305,03d055c0-1df2-466c-89b0-e9bf8b486bf9,03d055c0-1df2-466c-89b0-e9bf8b486bf9+305,WR/TE|FLEX,No,HOU @ CIN 11/12 1:00 PM ET,HOU,11.75,No,,
,,,,,,,K,Ka'imi Fairbairn,IR,2023, ,Core,Play-Action,778,d104d2c4-f513-4255-bdc8-ffe4dbfa6200,d104d2c4-f513-4255-bdc8-ffe4dbfa6200+778,FLEX,No,HOU @ CIN 11/12 1:00 PM ET,HOU,9.00,No,,
,,,,,,,K,Ka'imi Fairbairn,IR,2023, ,Core,Play-Action,890,d104d2c4-f513-4255-bdc8-ffe4dbfa6200,d104d2c4-f513-4255-bdc8-ffe4dbfa6200+890,FLEX,No,HOU @ CIN 11/12 1:00 PM ET,HOU,9.00,No,,
,,,,,,,K,Ka'imi Fairbairn,IR,2023, ,Core,Play-Action,1628,d104d2c4-f513-4255-bdc8-ffe4dbfa6200,d104d2c4-f513-4255-bdc8-ffe4dbfa6200+1628,FLEX,No,HOU @ CIN 11/12 1:00 PM ET,HOU,9.00,No,,
,,,,,,,LB,Denzel Perryman, ,2023, ,Core,Play-Action,348,c66d994c-b69d-46c7-beaf-84fbb6a0d08a,c66d994c-b69d-46c7-beaf-84fbb6a0d08a+348,FLEX,No,HOU @ CIN 11/12 1:00 PM ET,HOU,6.63,No,,
,,,,,,,QB,Taylor Heinicke, ,2023, ,Rare,Play-Action,39,11077e21-cc4a-4f67-9f85-da91618948d7,11077e21-cc4a-4f67-9f85-da91618948d7+39,QB,No,ATL @ ARI 11/12 4:05 PM ET,ATL,14.06,No,,
,,,,,,,WR,Drake London, ,2023, ,Rare,Play-Action,129,876fdaa1-d2a5-47cd-9be9-6b00e1e8dd07,876fdaa1-d2a5-47cd-9be9-6b00e1e8dd07+129,WR|WR/TE|FLEX,No,ATL @ ARI 11/12 4:05 PM ET,ATL,12.09,No,,
,,,,,,,QB,Mitch Trubisky, ,2023, ,Core,Play-Action,645,f5c8363d-a1d8-4e05-ba15-2e1ffa3f704c,f5c8363d-a1d8-4e05-ba15-2e1ffa3f704c+645,QB,No,GB @ PIT 11/12 1:00 PM ET,PIT,5.02,No,,
,,,,,,,QB,Mitch Trubisky, ,2023, ,Core,Play-Action,750,f5c8363d-a1d8-4e05-ba15-2e1ffa3f704c,f5c8363d-a1d8-4e05-ba15-2e1ffa3f704c+750,QB,No,GB @ PIT 11/12 1:00 PM ET,PIT,5.02,No,,
,,,,,,,WR,George Pickens, ,2023, ,Core,Play-Action,224,aae099b4-9672-4231-b192-6edc60218153,aae099b4-9672-4231-b192-6edc60218153+224,WR|WR/TE|FLEX,No,GB @ PIT 11/12 1:00 PM ET,PIT,13.84,No,,
,,,,,,,TE,Darnell Washington, ,2023, ,Core,Play-Action,672,cb65bbc6-dce5-4ee7-ac08-acac864167ce,cb65bbc6-dce5-4ee7-ac08-acac864167ce+672,WR/TE|FLEX,No,GB @ PIT 11/12 1:00 PM ET,PIT,0.46,No,,
,,,,,,,RB,Gus Edwards, ,2023, ,Rare,Play-Action,65,9b7f0b57-049b-4182-a53c-b649ac70a3f8,9b7f0b57-049b-4182-a53c-b649ac70a3f8+65,RB|FLEX,No,CLE @ BAL 11/12 1:00 PM ET,BAL,12.06,No,,
,,,,,,,LB,T.J. Watt, ,2023, ,Core,Play-Action,766,7fee24f3-d24f-4b2d-85ff-b06ce82e3b21,7fee24f3-d24f-4b2d-85ff-b06ce82e3b21+766,FLEX,No,GB @ PIT 11/12 1:00 PM ET,PIT,10.00,No,,
,,,,,,,S,Minkah Fitzpatrick,OUT,2023, ,Core,Play-Action,652,f66c72d7-4116-4998-bd12-4334f5af8f41,f66c72d7-4116-4998-bd12-4334f5af8f41+652,FLEX,No,GB @ PIT 11/12 1:00 PM ET,PIT,10.00,No,,
,,,,,,,LB,Jordan Hicks, ,2023, ,Core,Play-Action,160,f2707a3e-9afa-48ab-8e4a-449edc4c8ffc,f2707a3e-9afa-48ab-8e4a-449edc4c8ffc+160,FLEX,No,NO @ MIN 11/12 1:00 PM ET,MIN,8.00,No,,
,,,,,,,QB,Drew Lock, ,2023, ,Core,Play-Action,44,d4182ac6-2cd4-4b23-9b5b-210ac89ab018,d4182ac6-2cd4-4b23-9b5b-210ac89ab018+44,QB,No,WAS @ SEA 11/12 4:25 PM ET,SEA,3.62,No,,
,,,,,,,K,Justin Tucker, ,2023, ,Rare,Play-Action,7,32d3dba9-f6b8-434b-a888-794fa7b82496,32d3dba9-f6b8-434b-a888-794fa7b82496+7,FLEX,No,CLE @ BAL 11/12 1:00 PM ET,BAL,8.89,No,,
,,,,,,,LB,Cole Holcomb,IR,2023, ,Core,Play-Action,137,e11bd594-8bf2-4981-aa8a-3da269b1db51,e11bd594-8bf2-4981-aa8a-3da269b1db51+137,FLEX,No,GB @ PIT 11/12 1:00 PM ET,PIT,10.00,No,,
,,,,,,,TE,Josh Oliver, ,2023, ,Core,Play-Action,448,3d79b06b-1fec-4d63-8bf5-9e22dec945a6,3d79b06b-1fec-4d63-8bf5-9e22dec945a6+448,WR/TE|FLEX,No,NO @ MIN 11/12 1:00 PM ET,MIN,2.68,No,,
,,,,,,,CB,Joey Porter Jr., ,2023, ,Core,Play-Action,149,2dfb48ff-f03e-4778-9961-cd6b2cf6c954,2dfb48ff-f03e-4778-9961-cd6b2cf6c954+149,FLEX,No,GB @ PIT 11/12 1:00 PM ET,PIT,10.00,No,,
,,,,,,,K,Greg Joseph, ,2023, ,Core,Play-Action,2217,8e9684c0-2a87-4550-beec-b075611bd610,8e9684c0-2a87-4550-beec-b075611bd610+2217,FLEX,No,NO @ MIN 11/12 1:00 PM ET,MIN,7.44,No,,
,,,,,,,TE,Noah Fant, ,2023, ,Core,Play-Action,140,09ea310f-be41-4ed6-bb29-7bb89ddf6f5c,09ea310f-be41-4ed6-bb29-7bb89ddf6f5c+140,WR/TE|FLEX,No,WAS @ SEA 11/12 4:25 PM ET,SEA,4.58,No,,
,,,,,,,WR,Dee Eskridge, ,2023, ,Core,Play-Action,784,73ec1483-718a-4250-aca6-94aeff8105d9,73ec1483-718a-4250-aca6-94aeff8105d9+784,WR|WR/TE|FLEX,No,WAS @ SEA 11/12 4:25 PM ET,SEA,-0.25,No,,
,,,,,,,S,Jamal Adams, ,2023, ,Core,Play-Action,641,af427c96-2b9d-48b2-a15a-e2771052a369,af427c96-2b9d-48b2-a15a-e2771052a369+641,FLEX,No,WAS @ SEA 11/12 4:25 PM ET,SEA,9.00,No,,
,,,,,,,K,Brandon McManus, ,2023, ,Core,Play-Action,1262,2547e68e-7360-479e-98b7-7ec59bcaa91c,2547e68e-7360-479e-98b7-7ec59bcaa91c+1262,FLEX,No,SF @ JAX 11/12 1:00 PM ET,JAX,10.50,No,,
,,,,,,,K,Brandon McManus, ,2023, ,Core,Play-Action,2110,2547e68e-7360-479e-98b7-7ec59bcaa91c,2547e68e-7360-479e-98b7-7ec59bcaa91c+2110,FLEX,No,SF @ JAX 11/12 1:00 PM ET,JAX,10.50,No,,
,,,,,,,RB,Jordan Mason, ,2023, ,Core,Play-Action,534,76388a19-2a0a-4c91-aa46-869a3111807e,76388a19-2a0a-4c91-aa46-869a3111807e+534,RB|FLEX,No,SF @ JAX 11/12 1:00 PM ET,SF,3.25,No,,
,,,,,,,RB,James Conner,Q,2023, ,Core,Play-Action,1094,aaeb8bb5-a5ab-4ec5-8c52-9c3861ad4e03,aaeb8bb5-a5ab-4ec5-8c52-9c3861ad4e03+1094,RB|FLEX,No,ATL @ ARI 11/12 4:05 PM ET,ARI,12.48,No,,
,,,,,,,TE,Zach Ertz,IR,2023, ,Core,Play-Action,2116,126b27f3-f1d5-4d3f-8a8d-c2d58fca15fa,126b27f3-f1d5-4d3f-8a8d-c2d58fca15fa+2116,WR/TE|FLEX,No,ATL @ ARI 11/12 4:05 PM ET,ARI,7.39,No,,
,,,,,,,TE,Trey McBride, ,2023, ,Core,Play-Action,2335,eae66d66-91d4-4c7e-9b3a-32564d45b518,eae66d66-91d4-4c7e-9b3a-32564d45b518+2335,WR/TE|FLEX,No,ATL @ ARI 11/12 4:05 PM ET,ARI,6.97,No,,
,,,,,,,S,Budda Baker, ,2023, ,Core,Play-Action,605,4229669f-4d14-40cf-b3e9-f29589129dd9,4229669f-4d14-40cf-b3e9-f29589129dd9+605,FLEX,No,ATL @ ARI 11/12 4:05 PM ET,ARI,5.22,No,,
,,,,,,,LB,BJ Ojulari, ,2023, ,Core,Play-Action,421,55da8908-2e9f-44e3-9957-97897e304cf4,55da8908-2e9f-44e3-9957-97897e304cf4+421,FLEX,No,ATL @ ARI 11/12 4:05 PM ET,ARI,5.22,No,,
,,,,,,,K,Younghoe Koo, ,2023, ,Core,Play-Action,543,007fd9d2-e555-4752-ae0c-f6f101c6c1a3,007fd9d2-e555-4752-ae0c-f6f101c6c1a3+543,FLEX,No,ATL @ ARI 11/12 4:05 PM ET,ATL,9.33,No,,
,,,,,,,K,Younghoe Koo, ,2023, ,Core,Play-Action,2264,007fd9d2-e555-4752-ae0c-f6f101c6c1a3,007fd9d2-e555-4752-ae0c-f6f101c6c1a3+2264,FLEX,No,ATL @ ARI 11/12 4:05 PM ET,ATL,9.33,No,,
,,,,,,,WR,Michael Wilson,Q,2023, ,Core,Play-Action,1603,edd1eaf7-65fc-42d9-9151-e46c8baebb0d,edd1eaf7-65fc-42d9-9151-e46c8baebb0d+1603,WR|WR/TE|FLEX,No,ATL @ ARI 11/12 4:05 PM ET,ARI,9.64,No,,
,,,,,,,RB,Gus Edwards, ,2023, ,Core,Play-Action,380,f22c0d0c-c02c-4b6c-8243-e7bd9f3eb470,f22c0d0c-c02c-4b6c-8243-e7bd9f3eb470+380,RB|FLEX,No,CLE @ BAL 11/12 1:00 PM ET,BAL,12.06,No,,
,,,,,,,WR,Odell Beckham Jr., ,2023, ,Core,Play-Action,1500,cddf8676-3e28-48fc-bc63-8ab230cf6c78,cddf8676-3e28-48fc-bc63-8ab230cf6c78+1500,WR|WR/TE|FLEX,No,CLE @ BAL 11/12 1:00 PM ET,BAL,6.54,No,,
,,,,,,,RB,Chase Brown,IR,2023, ,Core,Play-Action,1295,06d1d3b6-e6bc-4e1f-a3e9-f785c8525715,06d1d3b6-e6bc-4e1f-a3e9-f785c8525715+1295,RB|FLEX,No,HOU @ CIN 11/12 1:00 PM ET,CIN,0.86,No,,
,,,,,,,RB,Chris Evans, ,2023, ,Core,Play-Action,652,af22040a-71ee-43c0-aa70-e227323ff48b,af22040a-71ee-43c0-aa70-e227323ff48b+652,RB|FLEX,No,HOU @ CIN 11/12 1:00 PM ET,CIN,0.35,No,,
,,,,,,,TE,Irv Smith Jr., ,2023, ,Core,Play-Action,28,2db2ea64-f6f5-4af6-b318-c72cefcb1fd7,2db2ea64-f6f5-4af6-b318-c72cefcb1fd7+28,WR/TE|FLEX,No,HOU @ CIN 11/12 1:00 PM ET,CIN,4.38,No,,
,,,,,,,TE,Irv Smith Jr., ,2023, ,Core,Play-Action,1718,2db2ea64-f6f5-4af6-b318-c72cefcb1fd7,2db2ea64-f6f5-4af6-b318-c72cefcb1fd7+1718,WR/TE|FLEX,No,HOU @ CIN 11/12 1:00 PM ET,CIN,4.38,No,,
,,,,,,,LB,Logan Wilson, ,2023, ,Core,Play-Action,37,a07d6f10-b44e-444b-bc7f-c5432e9c5c10,a07d6f10-b44e-444b-bc7f-c5432e9c5c10+37,FLEX,No,HOU @ CIN 11/12 1:00 PM ET,CIN,9.00,No,,
,,,,,,,TE,Drew Sample, ,2023, ,Core,Play-Action,29,2e2ba5d1-b52b-4504-a17c-5142ae71ebb6,2e2ba5d1-b52b-4504-a17c-5142ae71ebb6+29,WR/TE|FLEX,No,HOU @ CIN 11/12 1:00 PM ET,CIN,2.00,No,,
,,,,,,,K,Evan McPherson, ,2023, ,Core,Play-Action,2189,14c96f06-e972-448e-8ee5-689f012c8b3f,14c96f06-e972-448e-8ee5-689f012c8b3f+2189,FLEX,No,HOU @ CIN 11/12 1:00 PM ET,CIN,8.25,No,,
,,,,,,,S,Dax Hill, ,2023, ,Core,Play-Action,611,e8c2fa94-b644-4fc5-b96d-689cf893726e,e8c2fa94-b644-4fc5-b96d-689cf893726e+611,FLEX,No,HOU @ CIN 11/12 1:00 PM ET,CIN,9.00,No,,
,,,,,,,DE,Myles Murphy, ,2023, ,Core,Play-Action,647,19a893ab-0794-4b9f-ab4c-cff222319b4a,19a893ab-0794-4b9f-ab4c-cff222319b4a+647,FLEX,No,HOU @ CIN 11/12 1:00 PM ET,CIN,9.00,No,,
,,,,,,,RB,Demetric Felton, ,2023, ,Core,Play-Action,103,fb37934b-bc07-4fa6-9d14-77be2b182673,fb37934b-bc07-4fa6-9d14-77be2b182673+103,RB|FLEX,No,HOU @ CIN 11/12 1:00 PM ET,CIN,0.00,No,,
,,,,,,,WR,Donovan Peoples-Jones,Q,2023, ,Core,Play-Action,198,428003a1-b6e1-420f-8528-bba522efd812,428003a1-b6e1-420f-8528-bba522efd812+198,WR|WR/TE|FLEX,No,DET @ LAC 11/12 4:05 PM ET,DET,2.53,No,,
,,,,,,,DE,Myles Garrett, ,2023, ,Core,Play-Action,46,c664a45e-378b-4839-904b-b0fef6720956,c664a45e-378b-4839-904b-b0fef6720956+46,FLEX,No,CLE @ BAL 11/12 1:00 PM ET,CLE,10.25,No,,
,,,,,,,DE,Myles Garrett, ,2023, ,Core,Play-Action,632,c664a45e-378b-4839-904b-b0fef6720956,c664a45e-378b-4839-904b-b0fef6720956+632,FLEX,No,CLE @ BAL 11/12 1:00 PM ET,CLE,10.25,No,,
,,,,,,,K,Cade York, ,2023, ,Core,Play-Action,1701,ac2acbec-aea9-4dd9-9db0-ec89bdb5c7c7,ac2acbec-aea9-4dd9-9db0-ec89bdb5c7c7+1701,FLEX,No,NYG @ DAL 11/12 4:25 PM ET,NYG,0.00,No,,
,,,,,,,RB,Malik Davis, ,2023, ,Core,Play-Action,53,086b2e22-3e65-42ca-9eb1-d1b78afb7cb9,086b2e22-3e65-42ca-9eb1-d1b78afb7cb9+53,RB|FLEX,No,NYG @ DAL 11/12 4:25 PM ET,DAL,0.00,No,,
,,,,,,,LB,Leighton Vander Esch,IR,2023, ,Core,Play-Action,30,ad667149-7b5c-467f-af6c-516545d86004,ad667149-7b5c-467f-af6c-516545d86004+30,FLEX,No,NYG @ DAL 11/12 4:25 PM ET,DAL,12.50,No,,
,,,,,,,LB,Leighton Vander Esch,IR,2023, ,Core,Play-Action,137,ad667149-7b5c-467f-af6c-516545d86004,ad667149-7b5c-467f-af6c-516545d86004+137,FLEX,No,NYG @ DAL 11/12 4:25 PM ET,DAL,12.50,No,,
,,,,,,,RB,Nick Chubb,IR,2023, ,Core,Play-Action,1877,f4c0c233-37a6-4c49-86c6-ce328e882a51,f4c0c233-37a6-4c49-86c6-ce328e882a51+1877,RB|FLEX,No,CLE @ BAL 11/12 1:00 PM ET,CLE,13.05,No,,
,,,,,,,RB,Jerome Ford, ,2023, ,Core,Play-Action,437,f7d7b036-69fc-4340-a6d4-4942ec85291e,f7d7b036-69fc-4340-a6d4-4942ec85291e+437,RB|FLEX,No,CLE @ BAL 11/12 1:00 PM ET,CLE,13.05,No,,
,,,,,,,WR,Rondale Moore, ,2023, ,Rare,Booster,301,7a643dd7-34b8-43ab-af68-89bdfcbe1e9b,7a643dd7-34b8-43ab-af68-89bdfcbe1e9b+301,WR|WR/TE|FLEX,No,ATL @ ARI 11/12 4:05 PM ET,ARI,5.98,No,,
,,,,,,,TE,Donald Parham Jr., ,2023, ,Rare,Booster,221,e3d48794-08e7-4f7a-b8e9-97fe76724c99,e3d48794-08e7-4f7a-b8e9-97fe76724c99+221,WR/TE|FLEX,No,DET @ LAC 11/12 4:05 PM ET,LAC,5.91,No,,
,,,,,,,RB,Aaron Jones, ,2023, ,Rare,Booster,360,e543c2f7-d912-477a-8c53-c953389ea2d5,e543c2f7-d912-477a-8c53-c953389ea2d5+360,RB|FLEX,No,GB @ PIT 11/12 1:00 PM ET,GB,13.06,No,,
,,,,,,,QB,Kenny Pickett, ,2023, ,Rare,Booster,579,d644461e-f736-4c17-8959-65cbd60b2e2d,d644461e-f736-4c17-8959-65cbd60b2e2d+579,QB,No,GB @ PIT 11/12 1:00 PM ET,PIT,10.96,No,,
,,,,,,,TE,Kyle Pitts, ,2023, ,Rare,Booster,542,a8994bb6-4746-4a57-bd8a-c4eafb910430,a8994bb6-4746-4a57-bd8a-c4eafb910430+542,WR/TE|FLEX,No,ATL @ ARI 11/12 4:05 PM ET,ATL,8.50,No,,
,,,,,,,RB,Jamaal Williams, ,2023, ,Rare,Booster,624,972f34a8-1113-46da-85b2-0a2a5f3d7d2d,972f34a8-1113-46da-85b2-0a2a5f3d7d2d+624,RB|FLEX,No,NO @ MIN 11/12 1:00 PM ET,NO,3.90,No,,
,,,,,,,TE,Pat Freiermuth,IR,2023, ,Rare,Booster,435,98171a63-e2ab-484c-8cb4-04698a786480,98171a63-e2ab-484c-8cb4-04698a786480+435,WR/TE|FLEX,No,GB @ PIT 11/12 1:00 PM ET,PIT,6.33,No,,
,,,,,,,WR,Michael Wilson,Q,2023, ,Core,Booster,462,de520b4f-2153-4707-8f5d-7835bcbc538e,de520b4f-2153-4707-8f5d-7835bcbc538e+462,WR|WR/TE|FLEX,No,ATL @ ARI 11/12 4:05 PM ET,ARI,9.64,No,,
,,,,,,,K,Greg Joseph, ,2023, ,Core,Booster,510,6f7e6e92-49ea-4591-acd6-d349d11979fa,6f7e6e92-49ea-4591-acd6-d349d11979fa+510,FLEX,No,NO @ MIN 11/12 1:00 PM ET,MIN,7.44,No,,
,,,,,,,K,Greg Joseph, ,2023, ,Core,Booster,776,6f7e6e92-49ea-4591-acd6-d349d11979fa,6f7e6e92-49ea-4591-acd6-d349d11979fa+776,FLEX,No,NO @ MIN 11/12 1:00 PM ET,MIN,7.44,No,,
,,,,,,,DE,Nick Bosa, ,2023, ,Core,Booster,145,2ddd8453-82f8-47aa-9185-faddc7e13044,2ddd8453-82f8-47aa-9185-faddc7e13044+145,FLEX,No,SF @ JAX 11/12 1:00 PM ET,SF,7.13,No,,
,,,,,,,QB,Trey Lance, ,2023, ,Core,Booster,850,9ff45605-dde2-445e-90d0-65c2cd9fda0f,9ff45605-dde2-445e-90d0-65c2cd9fda0f+850,QB,No,NYG @ DAL 11/12 4:25 PM ET,DAL,0.00,No,,
,,,,,,,TE,Sam LaPorta, ,2023, ,Core,Booster,35,79ecdd22-a1d5-46b1-a2d0-059ccc7c3870,79ecdd22-a1d5-46b1-a2d0-059ccc7c3870+35,WR/TE|FLEX,No,DET @ LAC 11/12 4:05 PM ET,DET,13.80,No,,
,,,,,,,LB,Khalil Mack, ,2023, ,Core,Booster,431,6c79988a-4716-4383-b33b-1dedb80afe31,6c79988a-4716-4383-b33b-1dedb80afe31+431,FLEX,No,DET @ LAC 11/12 4:05 PM ET,LAC,9.38,No,,
,,,,,,,LB,De'Vondre Campbell, ,2023, ,Core,Booster,381,064e295c-8d35-4263-aa9b-0487aa0431b5,064e295c-8d35-4263-aa9b-0487aa0431b5+381,FLEX,No,GB @ PIT 11/12 1:00 PM ET,GB,7.00,No,,
,,,,,,,TE,Juwan Johnson, ,2023, ,Core,Booster,2620,6f2af128-7d27-497b-94b4-07b3a1ae58f6,6f2af128-7d27-497b-94b4-07b3a1ae58f6+2620,WR/TE|FLEX,No,NO @ MIN 11/12 1:00 PM ET,NO,5.70,No,,
,,,,,,,WR,Quentin Johnston, ,2023, ,Core,Booster,1006,acb53934-b076-4772-a5f0-4317323b9fde,acb53934-b076-4772-a5f0-4317323b9fde+1006,WR|WR/TE|FLEX,No,DET @ LAC 11/12 4:05 PM ET,LAC,3.38,No,,
,,,,,,,WR,Greg Dortch, ,2023, ,Core,Starter,75155,c6e326f6-3b31-48b7-b13a-b90a9d7b95ec,c6e326f6-3b31-48b7-b13a-b90a9d7b95ec+75155,WR|WR/TE|FLEX,No,ATL @ ARI 11/12 4:05 PM ET,ARI,0.15,No,,
,,,,,,,RB,Dameon Pierce,OUT,2023, ,Core,Starter,79910,6098dc2f-0c1f-4201-89e6-4e6f6146900a,6098dc2f-0c1f-4201-89e6-4e6f6146900a+79910,RB|FLEX,No,HOU @ CIN 11/12 1:00 PM ET,HOU,8.01,No,,
,,,,,,,RB,Joe Mixon, ,2023, ,Core,Starter,72001,cabe55da-1e86-43fa-a4e0-b005ea6d56a4,cabe55da-1e86-43fa-a4e0-b005ea6d56a4+72001,RB|FLEX,No,HOU @ CIN 11/12 1:00 PM ET,CIN,13.35,No,,
,,,,,,,QB,Lamar Jackson, ,2023, ,Core,Starter,64310,636d7179-86ed-46e7-8e35-e1e680a97eb9,636d7179-86ed-46e7-8e35-e1e680a97eb9+64310,QB,Yes,CLE @ BAL 11/12 1:00 PM ET,BAL,20.57,No,,
,,,,,,,WR,Robert Woods,Q,2023, ,Core,Rush,2128,cbe9db8c-b1b7-43cf-bfaa-b45fc3966be5,cbe9db8c-b1b7-43cf-bfaa-b45fc3966be5+2128,WR|WR/TE|FLEX,No,HOU @ CIN 11/12 1:00 PM ET,HOU,8.45,No,,
,,,,,,,QB,Sam Darnold, ,2023, ,Core,Rush,425,0463d26b-ad3f-40d3-9ad9-f4e341b878c4,0463d26b-ad3f-40d3-9ad9-f4e341b878c4+425,QB,No,SF @ JAX 11/12 1:00 PM ET,SF,-0.12,No,,
,,,,,,,QB,Sam Darnold, ,2023, ,Core,Rush,528,0463d26b-ad3f-40d3-9ad9-f4e341b878c4,0463d26b-ad3f-40d3-9ad9-f4e341b878c4+528,QB,No,SF @ JAX 11/12 1:00 PM ET,SF,-0.12,No,,
,,,,,,,QB,Sam Howell, ,2023, ,Core,Rush,235,046c7d73-df03-4dfe-9fdc-f84ed826eedb,046c7d73-df03-4dfe-9fdc-f84ed826eedb+235,QB,No,WAS @ SEA 11/12 4:25 PM ET,WAS,19.73,No,,
,,,,,,,QB,Ryan Tannehill,Q,2023, ,Core,Rush,2565,07035735-de6e-45bc-9acd-c72f067aa314,07035735-de6e-45bc-9acd-c72f067aa314+2565,QB,No,TEN @ TB 11/12 1:00 PM ET,TEN,9.52,No,,
,,,,,,,QB,Ryan Tannehill,Q,2023, ,Core,Rush,3509,07035735-de6e-45bc-9acd-c72f067aa314,07035735-de6e-45bc-9acd-c72f067aa314+3509,QB,No,TEN @ TB 11/12 1:00 PM ET,TEN,9.52,No,,
,,,,,,,TE,T.J. Hockenson,Q,2023, ,Core,Rush,3043,b072b613-3331-41a2-b979-c415fdd870f9,b072b613-3331-41a2-b979-c415fdd870f9+3043,WR/TE|FLEX,No,NO @ MIN 11/12 1:00 PM ET,MIN,14.63,No,,
,,,,,,,WR,Tank Dell, ,2023, ,Core,Rush,2176,1359ce4e-4973-4982-9bb0-cc575b0425da,1359ce4e-4973-4982-9bb0-cc575b0425da+2176,WR|WR/TE|FLEX,No,HOU @ CIN 11/12 1:00 PM ET,HOU,15.14,No,,
,,,,,,,WR,Tee Higgins,OUT,2023, ,Core,Rush,247,232aabcb-1082-4ba3-b3a7-4b0736cdcd59,232aabcb-1082-4ba3-b3a7-4b0736cdcd59+247,WR|WR/TE|FLEX,No,HOU @ CIN 11/12 1:00 PM ET,CIN,10.69,No,,
,,,,,,,WR,Tee Higgins,OUT,2023, ,Core,Rush,3474,232aabcb-1082-4ba3-b3a7-4b0736cdcd59,232aabcb-1082-4ba3-b3a7-4b0736cdcd59+3474,WR|WR/TE|FLEX,No,HOU @ CIN 11/12 1:00 PM ET,CIN,10.69,No,,
,,,,,,,WR,Tee Higgins,OUT,2023, ,Core,Rush,3932,232aabcb-1082-4ba3-b3a7-4b0736cdcd59,232aabcb-1082-4ba3-b3a7-4b0736cdcd59+3932,WR|WR/TE|FLEX,No,HOU @ CIN 11/12 1:00 PM ET,CIN,10.69,No,,
,,,,,,,WR,Terry McLaurin, ,2023, ,Core,Rush,3581,52ed1f4b-f5bc-4c0f-be03-647a24f36d2f,52ed1f4b-f5bc-4c0f-be03-647a24f36d2f+3581,WR|WR/TE|FLEX,No,WAS @ SEA 11/12 4:25 PM ET,WAS,13.53,No,,
,,,,,,,RB,Tony Pollard, ,2023, ,Core,Rush,1056,b2bb3b0e-6f8f-4b49-a925-65a82710e096,b2bb3b0e-6f8f-4b49-a925-65a82710e096+1056,RB|FLEX,No,NYG @ DAL 11/12 4:25 PM ET,DAL,13.93,No,,
,,,,,,,RB,Tony Pollard, ,2023, ,Core,Rush,2366,b2bb3b0e-6f8f-4b49-a925-65a82710e096,b2bb3b0e-6f8f-4b49-a925-65a82710e096+2366,RB|FLEX,No,NYG @ DAL 11/12 4:25 PM ET,DAL,13.93,No,,
,,,,,,,RB,Travis Etienne Jr., ,2023, ,Core,Rush,1931,ac57771a-1f22-4266-a6a5-edca8302187d,ac57771a-1f22-4266-a6a5-edca8302187d+1931,RB|FLEX,Yes,SF @ JAX 11/12 1:00 PM ET,JAX,20.86,No,,
,,,,,,,QB,Trevor Lawrence, ,2023, ,Core,Rush,673,34882deb-ddef-4b1d-9fa2-d8c0cdbf1976,34882deb-ddef-4b1d-9fa2-d8c0cdbf1976+673,QB,No,SF @ JAX 11/12 1:00 PM ET,JAX,16.38,No,,
,,,,,,,TE,Trey McBride, ,2023, ,Core,Rush,55,a2692917-6c83-45d1-81c2-b256f55641ff,a2692917-6c83-45d1-81c2-b256f55641ff+55,WR/TE|FLEX,No,ATL @ ARI 11/12 4:05 PM ET,ARI,6.97,No,,
,,,,,,,TE,Trey McBride, ,2023, ,Core,Rush,1283,a2692917-6c83-45d1-81c2-b256f55641ff,a2692917-6c83-45d1-81c2-b256f55641ff+1283,WR/TE|FLEX,No,ATL @ ARI 11/12 4:05 PM ET,ARI,6.97,No,,
,,,,,,,TE,Trey McBride, ,2023, ,Core,Rush,1797,a2692917-6c83-45d1-81c2-b256f55641ff,a2692917-6c83-45d1-81c2-b256f55641ff+1797,WR/TE|FLEX,No,ATL @ ARI 11/12 4:05 PM ET,ARI,6.97,No,,
,,,,,,,TE,Trey McBride, ,2023, ,Core,Rush,3601,a2692917-6c83-45d1-81c2-b256f55641ff,a2692917-6c83-45d1-81c2-b256f55641ff+3601,WR/TE|FLEX,No,ATL @ ARI 11/12 4:05 PM ET,ARI,6.97,No,,
,,,,,,,WR,Treylon Burks,OUT,2023, ,Core,Rush,512,b4ac1e3c-fc2e-4b02-b316-ccfbd8474f5b,b4ac1e3c-fc2e-4b02-b316-ccfbd8474f5b+512,WR|WR/TE|FLEX,No,TEN @ TB 11/12 1:00 PM ET,TEN,4.32,No,,
,,,,,,,WR,Treylon Burks,OUT,2023, ,Core,Rush,1072,b4ac1e3c-fc2e-4b02-b316-ccfbd8474f5b,b4ac1e3c-fc2e-4b02-b316-ccfbd8474f5b+1072,WR|WR/TE|FLEX,No,TEN @ TB 11/12 1:00 PM ET,TEN,4.32,No,,
,,,,,,,WR,Tyler Boyd, ,2023, ,Core,Rush,185,8cfa2e3c-b2d4-4950-8e79-25451598a669,8cfa2e3c-b2d4-4950-8e79-25451598a669+185,WR|WR/TE|FLEX,No,HOU @ CIN 11/12 1:00 PM ET,CIN,9.83,No,,
,,,,,,,WR,Tyler Lockett, ,2023, ,Core,Rush,683,1ee42624-4df5-4794-8839-ef051ad657a7,1ee42624-4df5-4794-8839-ef051ad657a7+683,WR|WR/TE|FLEX,No,WAS @ SEA 11/12 4:25 PM ET,SEA,12.28,No,,
,,,,,,,WR,Van Jefferson, ,2023, ,Core,Rush,614,b65d11cc-2b46-47e2-b660-ea1123f919fb,b65d11cc-2b46-47e2-b660-ea1123f919fb+614,WR|WR/TE|FLEX,No,ATL @ ARI 11/12 4:05 PM ET,ATL,3.17,No,,
,,,,,,,RB,Kendre Miller,OUT,2023, ,Core,Rush,3806,91a1db2c-bf18-4aa5-b3f1-caf2ed637908,91a1db2c-bf18-4aa5-b3f1-caf2ed637908+3806,RB|FLEX,No,NO @ MIN 11/12 1:00 PM ET,NO,4.06,No,,
,,,,,,,S,Xavier McKinney, ,2023, ,Core,Rush,355,5b0dbb6b-1796-4e08-9f8b-096ef30fa261,5b0dbb6b-1796-4e08-9f8b-096ef30fa261+355,FLEX,No,NYG @ DAL 11/12 4:25 PM ET,NYG,4.89,No,,
,,,,,,,WR,Keenan Allen, ,2023, ,Core,Rush,3845,8cc4bbfc-316d-4d63-9020-2e13675916e3,8cc4bbfc-316d-4d63-9020-2e13675916e3+3845,WR|WR/TE|FLEX,No,DET @ LAC 11/12 4:05 PM ET,LAC,21.32,No,,
,,,,,,,RB,Isaiah Spiller, ,2023, ,Core,Rush,1181,54fd48d9-69a2-49bc-a721-9724ca4aebe5,54fd48d9-69a2-49bc-a721-9724ca4aebe5+1181,RB|FLEX,No,DET @ LAC 11/12 4:05 PM ET,LAC,1.54,No,,
,,,,,,,TE,Zach Ertz,IR,2023, ,Core,Rush,3770,9c5ea6a4-3623-4ace-bb50-de0ddaf53964,9c5ea6a4-3623-4ace-bb50-de0ddaf53964+3770,WR/TE|FLEX,No,ATL @ ARI 11/12 4:05 PM ET,ARI,7.39,No,,
,,,,,,,RB,Kenneth Walker III, ,2023, ,Core,Rush,1548,5e3ceb63-e203-4b82-a2d6-c9d1f946a4bf,5e3ceb63-e203-4b82-a2d6-c9d1f946a4bf+1548,RB|FLEX,No,WAS @ SEA 11/12 4:25 PM ET,SEA,14.79,No,,
,,,,,,,QB,Kenny Pickett, ,2023, ,Core,Rush,528,643147b3-c8eb-4069-a8aa-2a6e8cdd3d86,643147b3-c8eb-4069-a8aa-2a6e8cdd3d86+528,QB,No,GB @ PIT 11/12 1:00 PM ET,PIT,10.96,No,,
,,,,,,,QB,Kirk Cousins,IR,2023, ,Core,Rush,2509,7b3fccbe-9f40-4cdc-af79-7b9154c0c739,7b3fccbe-9f40-4cdc-af79-7b9154c0c739+2509,QB,No,NO @ MIN 11/12 1:00 PM ET,MIN,21.34,No,,
,,,,,,,WR,Ja'Marr Chase,Q,2023, ,Core,Rush,2242,bdc63620-8bad-4bbc-869b-e53d75dbd4f2,bdc63620-8bad-4bbc-869b-e53d75dbd4f2+2242,WR|WR/TE|FLEX,Yes,HOU @ CIN 11/12 1:00 PM ET,CIN,20.76,No,,
,,,,,,,WR,Zay Flowers, ,2023, ,Core,Rush,365,cc28931d-5402-44f8-b7f4-6db9f5ec7ebc,cc28931d-5402-44f8-b7f4-6db9f5ec7ebc+365,WR|WR/TE|FLEX,No,CLE @ BAL 11/12 1:00 PM ET,BAL,11.04,No,,
,,,,,,,RB,Jahmyr Gibbs, ,2023, ,Core,Rush,2116,ffd279fe-5b88-4835-8ec9-a967110522dc,ffd279fe-5b88-4835-8ec9-a967110522dc+2116,RB|FLEX,No,DET @ LAC 11/12 4:05 PM ET,DET,16.57,No,,
,,,,,,,TE,Jake Ferguson, ,2023, ,Core,Rush,1997,c3d61939-4187-4fe4-a077-786ef5ca053a,c3d61939-4187-4fe4-a077-786ef5ca053a+1997,WR/TE|FLEX,No,NYG @ DAL 11/12 4:25 PM ET,DAL,10.35,No,,
,,,,,,,K,Jake Moody, ,2023, ,Core,Rush,1037,d21c6984-d258-4b38-8f52-dc1a453da733,d21c6984-d258-4b38-8f52-dc1a453da733+1037,FLEX,No,SF @ JAX 11/12 1:00 PM ET,SF,8.50,No,,
,,,,,,,QB,Lamar Jackson, ,2023, ,Core,Rush,2702,320d9de0-31f7-466b-9e36-26506bd6f7c9,320d9de0-31f7-466b-9e36-26506bd6f7c9+2702,QB,Yes,CLE @ BAL 11/12 1:00 PM ET,BAL,20.57,No,,
,,,,,,,QB,Jameis Winston, ,2023, ,Core,Rush,1195,18930da3-ab70-4b83-86ed-000d90c30a91,18930da3-ab70-4b83-86ed-000d90c30a91+1195,QB,No,NO @ MIN 11/12 1:00 PM ET,NO,0.88,No,,
,,,,,,,RB,James Conner,Q,2023, ,Core,Rush,2074,987fe349-4b81-4460-8442-5097b2dfb2d6,987fe349-4b81-4460-8442-5097b2dfb2d6+2074,RB|FLEX,No,ATL @ ARI 11/12 4:05 PM ET,ARI,12.48,No,,
,,,,,,,RB,James Conner,Q,2023, ,Core,Rush,3829,987fe349-4b81-4460-8442-5097b2dfb2d6,987fe349-4b81-4460-8442-5097b2dfb2d6+3829,RB|FLEX,No,ATL @ ARI 11/12 4:05 PM ET,ARI,12.48,No,,
,,,,,,,QB,Jared Goff, ,2023, ,Core,Rush,577,6d1ec678-0e8e-416b-8449-15d450f36601,6d1ec678-0e8e-416b-8449-15d450f36601+577,QB,No,DET @ LAC 11/12 4:05 PM ET,DET,18.66,No,,
,,,,,,,TE,Mark Andrews, ,2023, ,Core,Rush,2458,41d786e5-406c-45be-a5e0-2ba4ca8f2ed7,41d786e5-406c-45be-a5e0-2ba4ca8f2ed7+2458,WR/TE|FLEX,No,CLE @ BAL 11/12 1:00 PM ET,BAL,15.59,No,,
,,,,,,,WR,Jayden Reed, ,2023, ,Core,Rush,2260,d4372d6b-2542-49a7-91f3-3ba3363286a8,d4372d6b-2542-49a7-91f3-3ba3363286a8+2260,WR|WR/TE|FLEX,No,GB @ PIT 11/12 1:00 PM ET,GB,9.78,No,,
,,,,,,,RB,Jaylen Warren, ,2023, ,Core,Rush,646,0c2c2ce1-b603-48c7-9387-2e2f13b07d77,0c2c2ce1-b603-48c7-9387-2e2f13b07d77+646,RB|FLEX,No,GB @ PIT 11/12 1:00 PM ET,PIT,10.28,No,,
,,,,,,,CB,Mekhi Blackmon, ,2023, ,Core,Rush,804,655bf10b-34d2-4a30-af99-00c78653a27e,655bf10b-34d2-4a30-af99-00c78653a27e+804,FLEX,No,NO @ MIN 11/12 1:00 PM ET,MIN,8.00,No,,
,,,,,,,WR,Michael Gallup, ,2023, ,Core,Rush,4030,0a019e9d-d64f-4e3f-bc89-b371a45ecaae,0a019e9d-d64f-4e3f-bc89-b371a45ecaae+4030,WR|WR/TE|FLEX,No,NYG @ DAL 11/12 4:25 PM ET,DAL,5.79,No,,
,,,,,,,QB,Joe Burrow, ,2023, ,Core,Rush,1281,1ef743b2-e871-42b2-816e-574649f4e3ea,1ef743b2-e871-42b2-816e-574649f4e3ea+1281,QB,No,HOU @ CIN 11/12 1:00 PM ET,CIN,16.19,No,,
,,,,,,,QB,Joe Burrow, ,2023, ,Core,Rush,3134,1ef743b2-e871-42b2-816e-574649f4e3ea,1ef743b2-e871-42b2-816e-574649f4e3ea+3134,QB,No,HOU @ CIN 11/12 1:00 PM ET,CIN,16.19,No,,
,,,,,,,RB,Joe Mixon, ,2023, ,Core,Rush,2119,5a5ee050-e3da-4d40-a516-e23da15041ec,5a5ee050-e3da-4d40-a516-e23da15041ec+2119,RB|FLEX,No,HOU @ CIN 11/12 1:00 PM ET,CIN,13.35,No,,
,,,,,,,WR,Mike Evans, ,2023, ,Core,Rush,3081,293ffa7c-6c1b-465f-b253-322db3457108,293ffa7c-6c1b-465f-b253-322db3457108+3081,WR|WR/TE|FLEX,No,TEN @ TB 11/12 1:00 PM ET,TB,16.18,No,,
,,,,,,,WR,Mike Williams,IR,2023, ,Core,Rush,3346,affcaab6-c82c-433a-aeac-3b6f8fe99775,affcaab6-c82c-433a-aeac-3b6f8fe99775+3346,WR|WR/TE|FLEX,No,DET @ LAC 11/12 4:05 PM ET,LAC,17.73,No,,
,,,,,,,TE,Jonnu Smith, ,2023, ,Core,Rush,1339,631e6f78-a9a1-4830-a009-d4f54d4bc8a0,631e6f78-a9a1-4830-a009-d4f54d4bc8a0+1339,WR/TE|FLEX,No,ATL @ ARI 11/12 4:05 PM ET,ATL,10.02,No,,
,,,,,,,RB,Jordan Mason, ,2023, ,Core,Rush,317,7e9e169f-06fb-4e06-ba4a-c0834cc190d4,7e9e169f-06fb-4e06-ba4a-c0834cc190d4+317,RB|FLEX,No,SF @ JAX 11/12 1:00 PM ET,SF,3.25,No,,
,,,,,,,RB,Jordan Mason, ,2023, ,Core,Rush,714,7e9e169f-06fb-4e06-ba4a-c0834cc190d4,7e9e169f-06fb-4e06-ba4a-c0834cc190d4+714,RB|FLEX,No,SF @ JAX 11/12 1:00 PM ET,SF,3.25,No,,
,,,,,,,DE,Myles Murphy, ,2023, ,Core,Rush,292,cd7e6919-6aea-47e5-a62b-3020823e357d,cd7e6919-6aea-47e5-a62b-3020823e357d+292,FLEX,No,HOU @ CIN 11/12 1:00 PM ET,CIN,9.00,No,,
,,,,,,,QB,Jordan Love, ,2023, ,Core,Rush,1418,e958ce5a-7ec6-4311-bc29-8732effe9663,e958ce5a-7ec6-4311-bc29-8732effe9663+1418,QB,No,GB @ PIT 11/12 1:00 PM ET,GB,17.74,No,,
,,,,,,,RB,Najee Harris, ,2023, ,Core,Rush,532,58ab8095-c319-4d77-b41c-57015da3ba7e,58ab8095-c319-4d77-b41c-57015da3ba7e+532,RB|FLEX,No,GB @ PIT 11/12 1:00 PM ET,PIT,9.41,No,,
,,,,,,,WR,Josh Reynolds, ,2023, ,Core,Rush,162,879a9e4b-4b2c-4258-8b4b-fc02b774797c,879a9e4b-4b2c-4258-8b4b-fc02b774797c+162,WR|WR/TE|FLEX,No,DET @ LAC 11/12 4:05 PM ET,DET,9.84,No,,
,,,,,,,WR,Josh Reynolds, ,2023, ,Core,Rush,261,879a9e4b-4b2c-4258-8b4b-fc02b774797c,879a9e4b-4b2c-4258-8b4b-fc02b774797c+261,WR|WR/TE|FLEX,No,DET @ LAC 11/12 4:05 PM ET,DET,9.84,No,,
,,,,,,,TE,Noah Fant, ,2023, ,Core,Rush,897,f81f3eb0-f374-4396-b085-da945f817d71,f81f3eb0-f374-4396-b085-da945f817d71+897,WR/TE|FLEX,No,WAS @ SEA 11/12 4:25 PM ET,SEA,4.58,No,,
,,,,,,,TE,Pat Freiermuth,IR,2023, ,Core,Rush,3429,79069e7a-9007-403a-93d3-2ba63d079e3d,79069e7a-9007-403a-93d3-2ba63d079e3d+3429,WR/TE|FLEX,No,GB @ PIT 11/12 1:00 PM ET,PIT,6.33,No,,
,,,,,,,WR,Justin Jefferson,IR,2023, ,Core,Rush,2573,3f14f675-22e6-4ace-b659-164484d17abc,3f14f675-22e6-4ace-b659-164484d17abc+2573,WR|WR/TE|FLEX,Yes,NO @ MIN 11/12 1:00 PM ET,MIN,23.82,No,,
,,,,,,,WR,Justin Jefferson,IR,2023, ,Core,Rush,2920,3f14f675-22e6-4ace-b659-164484d17abc,3f14f675-22e6-4ace-b659-164484d17abc+2920,WR|WR/TE|FLEX,Yes,NO @ MIN 11/12 1:00 PM ET,MIN,23.82,No,,
,,,,,,,TE,Peyton Hendershot,IR,2023, ,Core,Rush,477,20136ce1-ad28-4651-94fe-c9cd4acf78c0,20136ce1-ad28-4651-94fe-c9cd4acf78c0+477,WR/TE|FLEX,No,NYG @ DAL 11/12 4:25 PM ET,DAL,0.43,No,,
,,,,,,,RB,Aaron Jones, ,2023, ,Core,Rush,3588,e5c47fbf-b385-4758-8c03-5f15dab14efa,e5c47fbf-b385-4758-8c03-5f15dab14efa+3588,RB|FLEX,No,GB @ PIT 11/12 1:00 PM ET,GB,13.06,No,,
,,,,,,,RB,Alexander Mattison, ,2023, ,Core,Rush,2398,d2edbe0e-deb8-4de5-876f-a0675f1a8feb,d2edbe0e-deb8-4de5-876f-a0675f1a8feb+2398,RB|FLEX,No,NO @ MIN 11/12 1:00 PM ET,MIN,11.02,No,,
,,,,,,,WR,Allen Robinson II, ,2023, ,Core,Rush,1545,cafa9f03-bb0d-4e4c-a9eb-e66f532dfe8e,cafa9f03-bb0d-4e4c-a9eb-e66f532dfe8e+1545,WR|WR/TE|FLEX,No,GB @ PIT 11/12 1:00 PM ET,PIT,4.30,No,,
,,,,,,,QB,Brock Purdy, ,2023, ,Core,Rush,1320,98634e9a-32e3-4cb5-8339-72f74a4c1a55,98634e9a-32e3-4cb5-8339-72f74a4c1a55+1320,QB,No,SF @ JAX 11/12 1:00 PM ET,SF,18.88,No,,
,,,,,,,WR,Amon-Ra St. Brown, ,2023, ,Core,Rush,630,30af54a3-56c1-4858-8536-f6eabcd71acb,30af54a3-56c1-4858-8536-f6eabcd71acb+630,WR|WR/TE|FLEX,Yes,DET @ LAC 11/12 4:05 PM ET,DET,22.27,No,,
,,,,,,,K,Anders Carlson, ,2023, ,Core,Rush,230,331f29c2-a7d9-43eb-8f65-69ce638e9618,331f29c2-a7d9-43eb-8f65-69ce638e9618+230,FLEX,No,GB @ PIT 11/12 1:00 PM ET,GB,6.50,No,,
,,,,,,,QB,C.J. Stroud, ,2023, ,Core,Rush,3282,cd8dc967-af40-4519-bbf3-45780e25bc70,cd8dc967-af40-4519-bbf3-45780e25bc70+3282,QB,No,HOU @ CIN 11/12 1:00 PM ET,HOU,21.20,No,,
,,,,,,,QB,Dak Prescott, ,2023, ,Core,Rush,3431,1b5dc4a8-0167-460d-b9c8-b34ae1beacee,1b5dc4a8-0167-460d-b9c8-b34ae1beacee+3431,QB,No,NYG @ DAL 11/12 4:25 PM ET,DAL,18.91,No,,
,,,,,,,RB,Antonio Gibson, ,2023, ,Core,Rush,1829,6af8d86a-db6d-4aa3-b72c-3fa94d805d48,6af8d86a-db6d-4aa3-b72c-3fa94d805d48+1829,RB|FLEX,No,WAS @ SEA 11/12 4:25 PM ET,WAS,7.12,No,,
,,,,,,,WR,Calvin Ridley, ,2023, ,Core,Rush,1401,27472af3-1016-4d69-aaf4-55532e1fb91e,27472af3-1016-4d69-aaf4-55532e1fb91e+1401,WR|WR/TE|FLEX,No,SF @ JAX 11/12 1:00 PM ET,JAX,12.14,No,,
,,,,,,,WR,Calvin Ridley, ,2023, ,Core,Rush,2050,27472af3-1016-4d69-aaf4-55532e1fb91e,27472af3-1016-4d69-aaf4-55532e1fb91e+2050,WR|WR/TE|FLEX,No,SF @ JAX 11/12 1:00 PM ET,JAX,12.14,No,,
,,,,,,,WR,Calvin Ridley, ,2023, ,Core,Rush,2363,27472af3-1016-4d69-aaf4-55532e1fb91e,27472af3-1016-4d69-aaf4-55532e1fb91e+2363,WR|WR/TE|FLEX,No,SF @ JAX 11/12 1:00 PM ET,JAX,12.14,No,,
,,,,,,,CB,Cam Taylor-Britt, ,2023, ,Core,Rush,1138,3808f30d-70ba-4928-8995-52220a54568a,3808f30d-70ba-4928-8995-52220a54568a+1138,FLEX,No,HOU @ CIN 11/12 1:00 PM ET,CIN,9.00,No,,
,,,,,,,QB,Baker Mayfield, ,2023, ,Core,Rush,500,a4099196-80d9-4ee0-84c7-7e67cada2631,a4099196-80d9-4ee0-84c7-7e67cada2631+500,QB,No,TEN @ TB 11/12 1:00 PM ET,TB,17.23,No,,
,,,,,,,RB,Bijan Robinson, ,2023, ,Core,Rush,2186,32ad360b-7e65-4110-8ef8-21d00d974bd7,32ad360b-7e65-4110-8ef8-21d00d974bd7+2186,RB|FLEX,No,ATL @ ARI 11/12 4:05 PM ET,ATL,13.49,No,,
,,,,,,,RB,Bijan Robinson, ,2023, ,Core,Rush,2320,32ad360b-7e65-4110-8ef8-21d00d974bd7,32ad360b-7e65-4110-8ef8-21d00d974bd7+2320,RB|FLEX,No,ATL @ ARI 11/12 4:05 PM ET,ATL,13.49,No,,
,,,,,,,LB,Danielle Hunter, ,2023, ,Core,Rush,841,251cff35-1610-4a70-9d04-841ca5e39427,251cff35-1610-4a70-9d04-841ca5e39427+841,FLEX,No,NO @ MIN 11/12 1:00 PM ET,MIN,8.00,No,,
,,,,,,,WR,CeeDee Lamb, ,2023, ,Core,Rush,644,e89a576e-1d15-42de-80fe-6f76977facde,e89a576e-1d15-42de-80fe-6f76977facde+644,WR|WR/TE|FLEX,No,NYG @ DAL 11/12 4:25 PM ET,DAL,21.46,No,,
,,,,,,,WR,Darius Slayton, ,2023, ,Core,Rush,21,4633f8f1-b131-45bf-b352-4743ca5f2f05,4633f8f1-b131-45bf-b352-4743ca5f2f05+21,WR|WR/TE|FLEX,No,NYG @ DAL 11/12 4:25 PM ET,NYG,6.07,No,,
,,,,,,,WR,Brandon Aiyuk, ,2023, ,Core,Rush,559,3f8e9c29-5728-4993-b62e-1546bc22566f,3f8e9c29-5728-4993-b62e-1546bc22566f+559,WR|WR/TE|FLEX,No,SF @ JAX 11/12 1:00 PM ET,SF,16.86,No,,
,,,,,,,RB,David Montgomery, ,2023, ,Core,Rush,571,dd03be65-0795-4008-a8b9-bbc00f486002,dd03be65-0795-4008-a8b9-bbc00f486002+571,RB|FLEX,No,DET @ LAC 11/12 4:05 PM ET,DET,18.42,No,,
,,,,,,,K,Chris Boswell, ,2023, ,Core,Rush,3354,734187dd-0425-4a63-9cb2-038f0a16cd4b,734187dd-0425-4a63-9cb2-038f0a16cd4b+3354,FLEX,No,GB @ PIT 11/12 1:00 PM ET,PIT,8.13,No,,
,,,,,,,WR,Chris Olave, ,2023, ,Core,Rush,666,440e35c1-51db-4ce1-9da4-9dedd3f8c753,440e35c1-51db-4ce1-9da4-9dedd3f8c753+666,WR|WR/TE|FLEX,No,NO @ MIN 11/12 1:00 PM ET,NO,13.81,No,,
,,,,,,,WR,Chris Olave, ,2023, ,Core,Rush,2091,440e35c1-51db-4ce1-9da4-9dedd3f8c753,440e35c1-51db-4ce1-9da4-9dedd3f8c753+2091,WR|WR/TE|FLEX,No,NO @ MIN 11/12 1:00 PM ET,NO,13.81,No,,
,,,,,,,WR,Chris Godwin, ,2023, ,Core,Rush,2076,796e6cbb-1a94-441f-8135-eccefbe96a51,796e6cbb-1a94-441f-8135-eccefbe96a51+2076,WR|WR/TE|FLEX,No,TEN @ TB 11/12 1:00 PM ET,TB,12.40,No,,
,,,,,,,RB,Christian McCaffrey, ,2023, ,Core,Rush,2124,b10932ed-e05b-4cc6-8120-1600033e4ed1,b10932ed-e05b-4cc6-8120-1600033e4ed1+2124,RB|FLEX,Yes,SF @ JAX 11/12 1:00 PM ET,SF,26.43,No,,
,,,,,,,RB,Christian McCaffrey, ,2023, ,Core,Rush,3575,b10932ed-e05b-4cc6-8120-1600033e4ed1,b10932ed-e05b-4cc6-8120-1600033e4ed1+3575,RB|FLEX,Yes,SF @ JAX 11/12 1:00 PM ET,SF,26.43,No,,
,,,,,,,WR,Christian Watson, ,2023, ,Core,Rush,3330,89635760-3587-418d-9a96-823d0eea2507,89635760-3587-418d-9a96-823d0eea2507+3330,WR|WR/TE|FLEX,No,GB @ PIT 11/12 1:00 PM ET,GB,7.76,No,,
,,,,,,,WR,Deebo Samuel, ,2023, ,Core,Rush,1379,de5d9d02-8a80-4780-b066-c08ff010affe,de5d9d02-8a80-4780-b066-c08ff010affe+1379,WR|WR/TE|FLEX,No,SF @ JAX 11/12 1:00 PM ET,SF,12.45,No,,
,,,,,,,WR,Deebo Samuel, ,2023, ,Core,Rush,2631,de5d9d02-8a80-4780-b066-c08ff010affe,de5d9d02-8a80-4780-b066-c08ff010affe+2631,WR|WR/TE|FLEX,No,SF @ JAX 11/12 1:00 PM ET,SF,12.45,No,,
,,,,,,,WR,Deebo Samuel, ,2023, ,Core,Rush,3394,de5d9d02-8a80-4780-b066-c08ff010affe,de5d9d02-8a80-4780-b066-c08ff010affe+3394,WR|WR/TE|FLEX,No,SF @ JAX 11/12 1:00 PM ET,SF,12.45,No,,
,,,,,,,QB,Derek Carr, ,2023, ,Core,Rush,2116,1b20ddd0-a060-4917-a489-c5fcbe744a1b,1b20ddd0-a060-4917-a489-c5fcbe744a1b+2116,QB,No,NO @ MIN 11/12 1:00 PM ET,NO,15.02,No,,
,,,,,,,RB,Derrick Henry, ,2023, ,Core,Rush,2531,2515aaa2-eff2-47e7-880d-ef661a9ab59f,2515aaa2-eff2-47e7-880d-ef661a9ab59f+2531,RB|FLEX,No,TEN @ TB 11/12 1:00 PM ET,TEN,16.09,No,,
,,,,,,,RB,Derrick Henry, ,2023, ,Core,Rush,2954,2515aaa2-eff2-47e7-880d-ef661a9ab59f,2515aaa2-eff2-47e7-880d-ef661a9ab59f+2954,RB|FLEX,No,TEN @ TB 11/12 1:00 PM ET,TEN,16.09,No,,
,,,,,,,QB,Deshaun Watson, ,2023, ,Core,Rush,2476,f26ba069-f7c3-4277-b8ac-98f02b754632,f26ba069-f7c3-4277-b8ac-98f02b754632+2476,QB,No,CLE @ BAL 11/12 1:00 PM ET,CLE,15.12,No,,
,,,,,,,WR,DK Metcalf, ,2023, ,Core,Rush,726,2b36884e-92c0-4cb4-bd4b-41f0fed8cfaa,2b36884e-92c0-4cb4-bd4b-41f0fed8cfaa+726,WR|WR/TE|FLEX,No,WAS @ SEA 11/12 4:25 PM ET,SEA,12.63,No,,
,,,,,,,WR,DK Metcalf, ,2023, ,Core,Rush,1077,2b36884e-92c0-4cb4-bd4b-41f0fed8cfaa,2b36884e-92c0-4cb4-bd4b-41f0fed8cfaa+1077,WR|WR/TE|FLEX,No,WAS @ SEA 11/12 4:25 PM ET,SEA,12.63,No,,
,,,,,,,QB,Easton Stick, ,2023, ,Core,Rush,642,9f59435a-70d2-4ddf-942a-16567062976f,9f59435a-70d2-4ddf-942a-16567062976f+642,QB,No,DET @ LAC 11/12 4:05 PM ET,LAC,0.00,No,,
,,,,,,,QB,Easton Stick, ,2023, ,Core,Rush,1034,9f59435a-70d2-4ddf-942a-16567062976f,9f59435a-70d2-4ddf-942a-16567062976f+1034,QB,No,DET @ LAC 11/12 4:05 PM ET,LAC,0.00,No,,
,,,,,,,RB,Elijah Mitchell, ,2023, ,Core,Rush,1648,e45a5f5d-d6b1-443b-acab-fa181ad281a6,e45a5f5d-d6b1-443b-acab-fa181ad281a6+1648,RB|FLEX,No,SF @ JAX 11/12 1:00 PM ET,SF,1.64,No,,
,,,,,,,RB,Elijah Mitchell, ,2023, ,Core,Rush,3826,e45a5f5d-d6b1-443b-acab-fa181ad281a6,e45a5f5d-d6b1-443b-acab-fa181ad281a6+3826,RB|FLEX,No,SF @ JAX 11/12 1:00 PM ET,SF,1.64,No,,
,,,,,,,LB,Fred Warner, ,2023, ,Core,Rush,41,df28ac60-6d16-4591-9786-c9a96d95ebba,df28ac60-6d16-4591-9786-c9a96d95ebba+41,FLEX,No,SF @ JAX 11/12 1:00 PM ET,SF,7.13,No,,
,,,,,,,QB,Geno Smith, ,2023, ,Core,Rush,110,dfb57b05-6340-4ae6-9e95-859346b17b1c,dfb57b05-6340-4ae6-9e95-859346b17b1c+110,QB,No,WAS @ SEA 11/12 4:25 PM ET,SEA,14.13,No,,
,,,,,,,QB,Geno Smith, ,2023, ,Core,Rush,1305,dfb57b05-6340-4ae6-9e95-859346b17b1c,dfb57b05-6340-4ae6-9e95-859346b17b1c+1305,QB,No,WAS @ SEA 11/12 4:25 PM ET,SEA,14.13,No,,
,,,,,,,QB,Geno Smith, ,2023, ,Core,Rush,1759,dfb57b05-6340-4ae6-9e95-859346b17b1c,dfb57b05-6340-4ae6-9e95-859346b17b1c+1759,QB,No,WAS @ SEA 11/12 4:25 PM ET,SEA,14.13,No,,
,,,,,,,TE,George Kittle, ,2023, ,Core,Rush,3205,5ee2d515-1607-4a9e-9b92-dc4fb282b60b,5ee2d515-1607-4a9e-9b92-dc4fb282b60b+3205,WR/TE|FLEX,No,SF @ JAX 11/12 1:00 PM ET,SF,12.19,No,,
,,,,,,,WR,Greg Dortch, ,2023, ,Core,Rush,373,546af28f-5102-4b24-8878-7fb31e015ace,546af28f-5102-4b24-8878-7fb31e015ace+373,WR|WR/TE|FLEX,No,ATL @ ARI 11/12 4:05 PM ET,ARI,0.15,No,,
,,,,,,,WR,Greg Dortch, ,2023, ,Core,Rush,1316,546af28f-5102-4b24-8878-7fb31e015ace,546af28f-5102-4b24-8878-7fb31e015ace+1316,WR|WR/TE|FLEX,No,ATL @ ARI 11/12 4:05 PM ET,ARI,0.15,No,,
,,,,,,,WR,Greg Dortch, ,2023, ,Core,Rush,1587,546af28f-5102-4b24-8878-7fb31e015ace,546af28f-5102-4b24-8878-7fb31e015ace+1587,WR|WR/TE|FLEX,No,ATL @ ARI 11/12 4:05 PM ET,ARI,0.15,No,,
,,,,,,,WR,Greg Dortch, ,2023, ,Core,Rush,3016,546af28f-5102-4b24-8878-7fb31e015ace,546af28f-5102-4b24-8878-7fb31e015ace+3016,WR|WR/TE|FLEX,No,ATL @ ARI 11/12 4:05 PM ET,ARI,0.15,No,,
,,,,,,,RB,Gus Edwards, ,2023, ,Core,Rush,898,55b19a66-ee15-4eec-8343-9318c44cbc4a,55b19a66-ee15-4eec-8343-9318c44cbc4a+898,RB|FLEX,No,CLE @ BAL 11/12 1:00 PM ET,BAL,12.06,No,,
,,,,,,,QB,Geno Smith, ,2023, ,Rare,Rush,474,d2eec66a-f2c3-4db6-b320-248ca7762f38,d2eec66a-f2c3-4db6-b320-248ca7762f38+474,QB,No,WAS @ SEA 11/12 4:25 PM ET,SEA,14.13,No,,
,,,,,,,TE,George Kittle, ,2023, ,Rare,Rush,710,259217cf-2c39-4e63-a308-ea79d0a1ce4d,259217cf-2c39-4e63-a308-ea79d0a1ce4d+710,WR/TE|FLEX,No,SF @ JAX 11/12 1:00 PM ET,SF,12.19,No,,
,,,,,,,WR,Christian Watson, ,2023, ,Rare,Rush,508,2af94167-d99e-4ae8-b0f3-e5851a62cd92,2af94167-d99e-4ae8-b0f3-e5851a62cd92+508,WR|WR/TE|FLEX,No,GB @ PIT 11/12 1:00 PM ET,GB,7.76,No,,
,,,,,,,WR,Nico Collins,OUT,2023, ,Rare,Rush,35,f509db3a-826e-40ee-8013-5db4e5f0cd0f,f509db3a-826e-40ee-8013-5db4e5f0cd0f+35,WR|WR/TE|FLEX,No,HOU @ CIN 11/12 1:00 PM ET,HOU,16.14,No,,
,,,,,,,TE,Juwan Johnson, ,2023, ,Rare,Rush,523,0ab9a2b2-9fbc-4bc5-b66f-cd95141db1a7,0ab9a2b2-9fbc-4bc5-b66f-cd95141db1a7+523,WR/TE|FLEX,No,NO @ MIN 11/12 1:00 PM ET,NO,5.70,No,,
,,,,,,,TE,Will Dissly, ,2023, ,Rare,Rush,158,2746bc57-36be-471c-80c3-0be25b37491a,2746bc57-36be-471c-80c3-0be25b37491a+158,WR/TE|FLEX,No,WAS @ SEA 11/12 4:25 PM ET,SEA,1.66,No,,
,,,,,,,QB,Daniel Jones,IR,2023, ,Rare,Rush,70,b87dca26-c963-4d8c-8371-86ad1dbece67,b87dca26-c963-4d8c-8371-86ad1dbece67+70,QB,No,NYG @ DAL 11/12 4:25 PM ET,NYG,11.16,No,,
,,,,,,,QB,Brock Purdy, ,2023, ,Rare,Rush,582,a708f577-fbf7-4e57-b4f1-dd96177c5529,a708f577-fbf7-4e57-b4f1-dd96177c5529+582,QB,No,SF @ JAX 11/12 1:00 PM ET,SF,18.88,No,,
,,,,,,,RB,Kenneth Walker III, ,2023, ,Elite,Rush,45,8757217f-d6f7-4ddd-a58e-1e6f3775a30b,8757217f-d6f7-4ddd-a58e-1e6f3775a30b+45,RB|FLEX,No,WAS @ SEA 11/12 4:25 PM ET,SEA,14.79,No,,
,,,,,,,QB,C.J. Beathard, ,2023, ,Rare,Rush,110,f0946e11-0b15-45c7-b205-eedce83fde54,f0946e11-0b15-45c7-b205-eedce83fde54+110,QB,No,SF @ JAX 11/12 1:00 PM ET,JAX,0.08,No,,
,,,,,,,RB,Aaron Jones, ,2023, ,Elite,Rush,118,cd73a775-f28e-48de-a6d9-5bc2fc5bcd98,cd73a775-f28e-48de-a6d9-5bc2fc5bcd98+118,RB|FLEX,No,GB @ PIT 11/12 1:00 PM ET,GB,13.06,No,,
,,,,,,,TE,Jake Ferguson, ,2023, ,Rare,Rush,409,6139edcd-24db-43f8-b254-a2d91b675c67,6139edcd-24db-43f8-b254-a2d91b675c67+409,WR/TE|FLEX,No,NYG @ DAL 11/12 4:25 PM ET,DAL,10.35,No,,
,,,,,,,LB,Khalil Mack, ,2023, ,Elite,Rush,16,d0063691-cabb-418f-9ccf-d41385ac6a13,d0063691-cabb-418f-9ccf-d41385ac6a13+16,FLEX,No,DET @ LAC 11/12 4:05 PM ET,LAC,9.38,No,,
,,,,,,,RB,Jahmyr Gibbs, ,2023, ,Elite,Rush,53,56749833-86b5-4069-98d6-a4cbd5518c27,56749833-86b5-4069-98d6-a4cbd5518c27+53,RB|FLEX,No,DET @ LAC 11/12 4:05 PM ET,DET,16.57,No,,
,,,,,,,WR,Calvin Austin III, ,2023, ,Rare,Rush,154,663c1df6-25d3-463d-99d1-07fec24cc699,663c1df6-25d3-463d-99d1-07fec24cc699+154,WR|WR/TE|FLEX,No,GB @ PIT 11/12 1:00 PM ET,PIT,4.83,No,,
,,,,,,,QB,Lamar Jackson, ,2023, ,Rare,Rush,207,d825e4f2-f7a3-4b9c-8d46-5bcf51a9392d,d825e4f2-f7a3-4b9c-8d46-5bcf51a9392d+207,QB,Yes,CLE @ BAL 11/12 1:00 PM ET,BAL,20.57,No,,
,,,,,,,WR,Jalin Hyatt, ,2023, ,Rare,Rush,233,250ef7fc-b9a7-49c7-bf57-82e7a2e6e969,250ef7fc-b9a7-49c7-bf57-82e7a2e6e969+233,WR|WR/TE|FLEX,No,NYG @ DAL 11/12 4:25 PM ET,NYG,3.60,No,,
,,,,,,,RB,Alexander Mattison, ,2023, ,Elite,Rush,66,fda158db-6e0d-4c8b-935a-8e893ddc8bd3,fda158db-6e0d-4c8b-935a-8e893ddc8bd3+66,RB|FLEX,No,NO @ MIN 11/12 1:00 PM ET,MIN,11.02,No,,
,,,,,,,WR,Calvin Ridley, ,2023, ,Rare,Rush,547,ed867efb-4a78-4d79-9cf4-a6de0fd5b9ae,ed867efb-4a78-4d79-9cf4-a6de0fd5b9ae+547,WR|WR/TE|FLEX,No,SF @ JAX 11/12 1:00 PM ET,JAX,12.14,No,,
,,,,,,,WR,Allen Robinson II, ,2023, ,Elite,Rush,41,9cffb108-867f-46c4-87df-4b2b53fd8660,9cffb108-867f-46c4-87df-4b2b53fd8660+41,WR|WR/TE|FLEX,No,GB @ PIT 11/12 1:00 PM ET,PIT,4.30,No,,
,,,,,,,RB,Derrick Henry, ,2023, ,Rare,Rush,367,4e5c782f-a94a-4570-ac64-a3c4d31c709f,4e5c782f-a94a-4570-ac64-a3c4d31c709f+367,RB|FLEX,No,TEN @ TB 11/12 1:00 PM ET,TEN,16.09,No,,
,,,,,,,QB,Desmond Ridder, ,2023, ,Rare,Rush,20,711db893-c950-435d-991c-d8a76dc055ce,711db893-c950-435d-991c-d8a76dc055ce+20,QB,No,ATL @ ARI 11/12 4:05 PM ET,ATL,15.04,No,,
,,,,,,,RB,Devin Singletary, ,2023, ,Rare,Rush,364,f78e5b11-3054-4c1b-9e8f-aeb0e6ccdc5c,f78e5b11-3054-4c1b-9e8f-aeb0e6ccdc5c+364,RB|FLEX,No,HOU @ CIN 11/12 1:00 PM ET,HOU,4.79,No,,
,,,,,,,TE,Mark Andrews, ,2023, ,Rare,Rush,56,f4505f3c-e031-4415-9955-7114a37eed28,f4505f3c-e031-4415-9955-7114a37eed28+56,WR/TE|FLEX,No,CLE @ BAL 11/12 1:00 PM ET,BAL,15.59,No,,
,,,,,,,WR,Marquise Brown, ,2023, ,Rare,Rush,52,71cb3082-3718-4795-8a81-6d1d666b8720,71cb3082-3718-4795-8a81-6d1d666b8720+52,WR|WR/TE|FLEX,No,ATL @ ARI 11/12 4:05 PM ET,ARI,12.54,No,,
,,,,,,,WR,Jaxon Smith-Njigba, ,2023, ,Elite,Rush,96,f0effdb5-0dfd-498d-839e-b77bc4a0b6a3,f0effdb5-0dfd-498d-839e-b77bc4a0b6a3+96,WR|WR/TE|FLEX,No,WAS @ SEA 11/12 4:25 PM ET,SEA,8.53,No,,
,,,,,,,QB,Easton Stick, ,2023, ,Rare,Rush,239,2b285acd-13a4-4426-ab7c-a56766a7031e,2b285acd-13a4-4426-ab7c-a56766a7031e+239,QB,No,DET @ LAC 11/12 4:05 PM ET,LAC,0.00,No,,
,,,,,,,RB,Tony Pollard, ,2023, ,Rare,Rush,475,233c5176-3fb0-411c-9eb8-4d1c35241988,233c5176-3fb0-411c-9eb8-4d1c35241988+475,RB|FLEX,No,NYG @ DAL 11/12 4:25 PM ET,DAL,13.93,No,,
,,,,,,,RB,Joe Mixon, ,2023, ,Rare,Rush,205,4609b991-62cc-43fd-8d2a-84be40df918b,4609b991-62cc-43fd-8d2a-84be40df918b+205,RB|FLEX,No,HOU @ CIN 11/12 1:00 PM ET,CIN,13.35,No,,
,,,,,,,CB,Mekhi Blackmon, ,2023, ,Rare,Rush,90,0f2cd627-0f71-40dd-836f-7d2973aa6db3,0f2cd627-0f71-40dd-836f-7d2973aa6db3+90,FLEX,No,NO @ MIN 11/12 1:00 PM ET,MIN,8.00,No,,
,,,,,,,LB,Micah Parsons, ,2023, ,Rare,Rush,18,fcf041d9-1794-49c8-9170-b2c720b167da,fcf041d9-1794-49c8-9170-b2c720b167da+18,FLEX,No,NYG @ DAL 11/12 4:25 PM ET,DAL,12.50,No,,
,,,,,,,RB,Travis Etienne Jr., ,2023, ,Rare,Rush,761,9da4f340-39f4-46e5-aff5-2ac0767944ee,9da4f340-39f4-46e5-aff5-2ac0767944ee+761,RB|FLEX,Yes,SF @ JAX 11/12 1:00 PM ET,JAX,20.86,No,,
,,,,,,,WR,Mike Evans, ,2023, ,Elite,Rush,96,c67aa163-dfdb-4d8c-9a83-a3649da51e3b,c67aa163-dfdb-4d8c-9a83-a3649da51e3b+96,WR|WR/TE|FLEX,No,TEN @ TB 11/12 1:00 PM ET,TB,16.18,No,,
,,,,,,,RB,Jordan Mason, ,2023, ,Elite,Rush,45,16560a7a-e972-4c76-bf65-2881dd45a984,16560a7a-e972-4c76-bf65-2881dd45a984+45,RB|FLEX,No,SF @ JAX 11/12 1:00 PM ET,SF,3.25,No,,
,,,,,,,WR,CeeDee Lamb, ,2023, ,Elite,Rush,55,23da9db9-730f-4382-9e50-a64cc8f589b1,23da9db9-730f-4382-9e50-a64cc8f589b1+55,WR|WR/TE|FLEX,No,NYG @ DAL 11/12 4:25 PM ET,DAL,21.46,No,,
,,,,,,,QB,Jordan Love, ,2023, ,Elite,Rush,22,8fafd901-6a93-4e11-b942-aab33b6e6618,8fafd901-6a93-4e11-b942-aab33b6e6618+22,QB,No,GB @ PIT 11/12 1:00 PM ET,GB,17.74,No,,
,,,,,,,RB,Zach Charbonnet, ,2023, ,Elite,Rush,26,0796ad6c-9ac8-4469-b296-3816a8184ae8,0796ad6c-9ac8-4469-b296-3816a8184ae8+26,RB|FLEX,No,WAS @ SEA 11/12 4:25 PM ET,SEA,4.46,No,,
,,,,,,,WR,Chris Godwin, ,2023, ,Elite,Rush,95,d3f8a64c-dc47-4b0b-b746-4440028108a4,d3f8a64c-dc47-4b0b-b746-4440028108a4+95,WR|WR/TE|FLEX,No,TEN @ TB 11/12 1:00 PM ET,TB,12.40,No,,
,,,,,,,RB,Christian McCaffrey, ,2023, ,Elite,Rush,14,bc209d57-21d2-4b50-9479-75f12ef2200b,bc209d57-21d2-4b50-9479-75f12ef2200b+14,RB|FLEX,Yes,SF @ JAX 11/12 1:00 PM ET,SF,26.43,No,,
,,,,,,,WR,Christian Kirk, ,2023, ,Elite,Rush,48,8a3f3517-9725-40c1-9cdd-3c6df5724531,8a3f3517-9725-40c1-9cdd-3c6df5724531+48,WR|WR/TE|FLEX,No,SF @ JAX 11/12 1:00 PM ET,JAX,14.45,No,,
,,,,,,,TE,Darren Waller,IR,2023, ,Elite,Rush,140,a1231d5a-a938-4d06-943d-991614d80179,a1231d5a-a938-4d06-943d-991614d80179+140,WR/TE|FLEX,No,NYG @ DAL 11/12 4:25 PM ET,NYG,10.05,No,,
,,,,,,,WR,Tee Higgins,OUT,2023, ,Elite,Rush,4,be7faef7-dd2b-4805-b256-373ead629fb4,be7faef7-dd2b-4805-b256-373ead629fb4+4,WR|WR/TE|FLEX,No,HOU @ CIN 11/12 1:00 PM ET,CIN,10.69,No,,
,,,,,,,TE,Taysom Hill, ,2023, ,Elite,Rush,141,47550e17-ddde-4146-b41b-cb76abfdc5ce,47550e17-ddde-4146-b41b-cb76abfdc5ce+141,WR/TE|FLEX,No,NO @ MIN 11/12 1:00 PM ET,NO,10.06,No,,
,,,,,,,WR,Terry McLaurin, ,2023, ,Elite,Rush,122,ed07b2a1-29e3-4e02-a2fb-305a8b5bc34c,ed07b2a1-29e3-4e02-a2fb-305a8b5bc34c+122,WR|WR/TE|FLEX,No,WAS @ SEA 11/12 4:25 PM ET,WAS,13.53,No,,
,,,,,,,RB,Tony Pollard, ,2023, ,Elite,Rush,77,7f2dcfa7-21e6-473e-8205-0b272fb13fd8,7f2dcfa7-21e6-473e-8205-0b272fb13fd8+77,RB|FLEX,No,NYG @ DAL 11/12 4:25 PM ET,DAL,13.93,No,,
,,,,,,,S,Tracy Walker, ,2023, ,Elite,Rush,30,65e7a48d-bc91-4ba8-ad25-56d0ad9c8c43,65e7a48d-bc91-4ba8-ad25-56d0ad9c8c43+30,FLEX,No,DET @ LAC 11/12 4:05 PM ET,DET,7.75,No,,
,,,,,,,QB,Trevor Lawrence, ,2023, ,Elite,Rush,150,3d1af9c5-e12f-45c6-b23f-adb6430db412,3d1af9c5-e12f-45c6-b23f-adb6430db412+150,QB,No,SF @ JAX 11/12 1:00 PM ET,JAX,16.38,No,,
,,,,,,,WR,Treylon Burks,OUT,2023, ,Elite,Rush,141,c191718b-815c-4b15-860f-d8907c58d8f7,c191718b-815c-4b15-860f-d8907c58d8f7+141,WR|WR/TE|FLEX,No,TEN @ TB 11/12 1:00 PM ET,TEN,4.32,No,,
,,,,,,,QB,Drew Lock, ,2023, ,Elite,Rush,15,c7ccab00-7974-4a8f-beef-7dd834301450,c7ccab00-7974-4a8f-beef-7dd834301450+15,QB,No,WAS @ SEA 11/12 4:25 PM ET,SEA,3.62,No,,
,,,,,,,WR,Tyler Boyd, ,2023, ,Elite,Rush,71,4437c748-b5e7-45b7-af91-7fe82348f9e3,4437c748-b5e7-45b7-af91-7fe82348f9e3+71,WR|WR/TE|FLEX,No,HOU @ CIN 11/12 1:00 PM ET,CIN,9.83,No,,
,,,,,,,WR,Tyler Lockett, ,2023, ,Elite,Rush,9,f9b6af76-b123-4c0f-9700-9bc42ba21894,f9b6af76-b123-4c0f-9700-9bc42ba21894+9,WR|WR/TE|FLEX,No,WAS @ SEA 11/12 4:25 PM ET,SEA,12.28,No,,
,,,,,,,WR,DK Metcalf, ,2023, ,Elite,Rush,130,4e40f23f-faba-4111-8173-61b62925eb19,4e40f23f-faba-4111-8173-61b62925eb19+130,WR|WR/TE|FLEX,No,WAS @ SEA 11/12 4:25 PM ET,SEA,12.63,No,,
,,,,,,,QB,Geno Smith, ,2023, ,Elite,Rush,137,d14784a7-cd44-4ce5-95e1-adf529994adf,d14784a7-cd44-4ce5-95e1-adf529994adf+137,QB,No,WAS @ SEA 11/12 4:25 PM ET,SEA,14.13,No,,
,,,,,,,QB,Brock Purdy, ,2023, ,Rare,Air It Out,81,17f37737-8205-47b5-94d8-367d2b7387d7,17f37737-8205-47b5-94d8-367d2b7387d7+81,QB,No,SF @ JAX 11/12 1:00 PM ET,SF,18.88,No,,
,,,,,,,WR,Romeo Doubs, ,2023, ,Rare,Air It Out,116,45b93251-5378-451e-9726-ce7fbb86a151,45b93251-5378-451e-9726-ce7fbb86a151+116,WR|WR/TE|FLEX,No,GB @ PIT 11/12 1:00 PM ET,GB,11.40,No,,
,,,,,,,WR,Terry McLaurin, ,2023, ,Rare,Air It Out,201,61340c4a-41f5-4dd8-86e1-c5b3eb63d779,61340c4a-41f5-4dd8-86e1-c5b3eb63d779+201,WR|WR/TE|FLEX,No,WAS @ SEA 11/12 4:25 PM ET,WAS,13.53,No,,
,,,,,,,WR,Marquise Brown, ,2023, ,Rare,Air It Out,324,a5a57c24-4748-424d-8431-d78b5999bd52,a5a57c24-4748-424d-8431-d78b5999bd52+324,WR|WR/TE|FLEX,No,ATL @ ARI 11/12 4:05 PM ET,ARI,12.54,No,,
,,,,,,,RB,Tyjae Spears, ,2023, ,Rare,Air It Out,288,ea78e97a-bc6b-40bb-9c23-f447bad2ea4c,ea78e97a-bc6b-40bb-9c23-f447bad2ea4c+288,RB|FLEX,No,TEN @ TB 11/12 1:00 PM ET,TEN,7.75,No,,
,,,,,,,RB,Antonio Gibson, ,2023, ,Rare,Air It Out,86,fa5d754a-eab0-4ab4-b83e-a689f68dd784,fa5d754a-eab0-4ab4-b83e-a689f68dd784+86,RB|FLEX,No,WAS @ SEA 11/12 4:25 PM ET,WAS,7.12,No,,
,,,,,,,QB,Baker Mayfield, ,2023, ,Elite,Air It Out,53,c0d4f0d6-f3d0-4a5b-a0d1-ef8a1668ab4a,c0d4f0d6-f3d0-4a5b-a0d1-ef8a1668ab4a+53,QB,No,TEN @ TB 11/12 1:00 PM ET,TB,17.23,No,,
,,,,,,,CB,Mekhi Blackmon, ,2023, ,Legendary,Air It Out,4,ce57b909-054b-417f-940b-21182291620b,ce57b909-054b-417f-940b-21182291620b+4,FLEX,No,NO @ MIN 11/12 1:00 PM ET,MIN,8.00,No,,
,,,,,,,WR,Justin Jefferson,IR,2023, ,Elite,Air It Out,55,fe1e42a1-da28-40de-9407-770677331c2e,fe1e42a1-da28-40de-9407-770677331c2e+55,WR|WR/TE|FLEX,Yes,NO @ MIN 11/12 1:00 PM ET,MIN,23.82,No,,
,,,,,,,RB,Christian McCaffrey, ,2023, ,Rare,Air It Out,178,8c84af2f-9c33-4946-8e7f-2ce4c80308f4,8c84af2f-9c33-4946-8e7f-2ce4c80308f4+178,RB|FLEX,Yes,SF @ JAX 11/12 1:00 PM ET,SF,26.43,No,,
